{"metrics":{"iteration_duration":{"type":"trend","contains":"time","values":{"med":316.6201,"max":3042.1873,"p(90)":1000.799,"p(95)":1875.6306,"p(97)":2343.6768799999995,"avg":513.3612223140495,"min":257.2526}},"http_req_sending":{"type":"trend","contains":"time","values":{"avg":0.19027308429118783,"min":0,"med":0,"max":7.0616,"p(90)":0.6228800000000003,"p(95)":0.754785,"p(97)":0.8081589999999998}},"http_req_duration":{"type":"trend","contains":"time","values":{"med":15.84485,"max":559.3835,"p(90)":195.50117,"p(95)":202.91897999999998,"p(97)":211.037128,"avg":52.14816733716466,"min":2.1645},"thresholds":{"p(99)<2000":{"ok":true}}},"t02_login":{"type":"trend","contains":"default","values":{"p(97)":575,"avg":575,"min":575,"med":575,"max":575,"p(90)":575,"p(95)":575},"thresholds":{"p(95)<1000":{"ok":true}}},"t06_increase_quantity_to_2_and_proceed_to_checkout":{"type":"trend","contains":"default","values":{"min":16,"med":27,"max":415,"p(90)":43.59999999999999,"p(95)":391,"p(97)":391,"avg":58.648648648648646}},"t05_add_to_cart":{"type":"trend","contains":"default","values":{"avg":57.78378378378378,"min":17,"med":30,"max":388,"p(90)":48.999999999999964,"p(95)":386.2,"p(97)":386.92}},"tx05_add_to_cart":{"type":"trend","contains":"default","values":{"avg":61.753246753246756,"min":14,"med":29,"max":403,"p(90)":46.200000000000045,"p(95)":388.4,"p(97)":392.15999999999997}},"http_req_duration{scenario:buyanimal_1_framework_lifecycle}":{"type":"trend","contains":"time","values":{"avg":53.092281134751815,"min":2.5915,"med":15.4905,"max":559.3835,"p(90)":196.39806000000002,"p(95)":204.46463999999997,"p(97)":212.17175600000002},"thresholds":{"p(95)<1500":{"ok":true}}},"t01_launch":{"type":"trend","contains":"default","values":{"avg":589,"min":589,"med":589,"max":589,"p(90)":589,"p(95)":589,"p(97)":589},"thresholds":{"p(95)<800":{"ok":true}}},"vus":{"type":"gauge","contains":"default","values":{"min":0,"max":3,"value":2}},"tx08_click_confirm":{"type":"trend","contains":"default","values":{"p(90)":46.8000000000001,"p(95)":456.2,"p(97)":460.6,"avg":65.50649350649351,"min":15,"med":27,"max":495}},"http_req_duration{expected_response:true}":{"type":"trend","contains":"time","values":{"avg":205.37199615384608,"min":185.8152,"med":195.46855,"max":559.3835,"p(90)":214.98351,"p(95)":240.43230499999993,"p(97)":246.381882}},"tx06_increase_quantity_to_2_and_proceed_to_checkout":{"type":"trend","contains":"default","values":{"min":16,"med":26,"max":425,"p(90)":80.2000000000003,"p(95)":394,"p(97)":402.72,"avg":61.37662337662338}},"http_req_connecting":{"type":"trend","contains":"time","values":{"max":11.8529,"p(90)":0,"p(95)":0,"p(97)":0,"avg":0.026786781609195405,"min":0,"med":0}},"t03_search_animal":{"values":{"med":194,"max":205,"p(90)":201.4,"p(95)":203.2,"p(97)":203.92000000000002,"avg":195.48648648648648,"min":191},"type":"trend","contains":"default"},"t08_click_confirm":{"thresholds":{"p(95)<1500":{"ok":true},"p(99)<3000":{"ok":true}},"type":"trend","contains":"default","values":{"p(97)":452.76000000000073,"avg":57.5945945945946,"min":16,"med":35,"max":510,"p(90)":56.8,"p(95)":144.59999999999818}},"checks":{"type":"rate","contains":"default","values":{"rate":0.19827586206896552,"passes":207,"fails":837}},"http_req_failed{scenario:buyanimal_1_framework_lifecycle}":{"type":"rate","contains":"default","values":{"rate":0.7957446808510639,"passes":561,"fails":144},"thresholds":{"rate<0.05":{"ok":false}}},"tx09_logout":{"type":"trend","contains":"default","values":{"p(97)":400.43,"avg":391.5,"min":382,"med":391.5,"max":401,"p(90)":399.1,"p(95)":400.05}},"group_duration":{"type":"trend","contains":"time","values":{"p(97)":401.724368,"avg":79.45387431457439,"min":6.5658,"med":26.207,"max":589.1091,"p(90)":202.50772,"p(95)":386.36285999999996}},"tx01_launch":{"type":"trend","contains":"default","values":{"p(97)":588.85,"avg":586.5,"min":584,"med":586.5,"max":589,"p(90)":588.5,"p(95)":588.75}},"iterations":{"type":"counter","contains":"default","values":{"count":121,"rate":4.7922445356124745}},"http_req_waiting":{"type":"trend","contains":"time","values":{"p(97)":209.684207,"avg":48.4665801724138,"min":0.6592,"med":8.7137,"max":557.7617,"p(90)":192.1117,"p(95)":199.81276}},"framework_iterations":{"type":"counter","contains":"default","values":{"count":114,"rate":4.515007248428281}},"t04_select_product":{"type":"trend","contains":"default","values":{"avg":27.83783783783784,"min":7,"med":13,"max":212,"p(90)":19,"p(95)":194.39999999999998,"p(97)":195.84}},"http_req_blocked":{"type":"trend","contains":"time","values":{"p(95)":0,"p(97)":0,"avg":0.0823897509578544,"min":0,"med":0,"max":29.1275,"p(90)":0}},"http_req_tls_handshaking":{"type":"trend","contains":"time","values":{"avg":0.050149808429118765,"min":0,"med":0,"max":18.7443,"p(90)":0,"p(95)":0,"p(97)":0}},"http_reqs":{"type":"counter","contains":"default","values":{"count":1044,"rate":41.347961117185314}},"http_req_receiving":{"values":{"max":46.5446,"p(90)":10.80488,"p(95)":11.82138499999999,"p(97)":13.045051999999995,"avg":3.4913140804597704,"min":0,"med":1.33025},"type":"trend","contains":"time"},"vus_max":{"type":"gauge","contains":"default","values":{"value":3,"min":3,"max":3}},"data_sent":{"type":"counter","contains":"data","values":{"rate":6180.886501791355,"count":156062}},"tx07_click_continue":{"type":"trend","contains":"default","values":{"p(95)":202.8,"p(97)":208.16,"avg":33.103896103896105,"min":7,"med":15,"max":263,"p(90)":62.40000000000012}},"data_received":{"type":"counter","contains":"data","values":{"count":8266238,"rate":327387.0569055553}},"tx04_select_product":{"type":"trend","contains":"default","values":{"p(90)":35.0000000000002,"p(95)":211.2,"p(97)":212.72,"avg":31.77922077922078,"min":7,"med":14,"max":233}},"tx02_login":{"type":"trend","contains":"default","values":{"avg":579,"min":577,"med":579,"max":581,"p(90)":580.6,"p(95)":580.8,"p(97)":580.88}},"t07_click_continue":{"type":"trend","contains":"default","values":{"avg":25.2972972972973,"min":8,"med":15,"max":214,"p(90)":26.39999999999999,"p(95)":68.3999999999993,"p(97)":188.64000000000027}},"t09_logout":{"contains":"default","values":{"med":421,"max":421,"p(90)":421,"p(95)":421,"p(97)":421,"avg":421,"min":421},"type":"trend"},"http_req_failed":{"type":"rate","contains":"default","values":{"rate":0.8007662835249042,"passes":836,"fails":208},"thresholds":{"rate<0.1":{"ok":false}}},"tx03_search_animal":{"contains":"default","values":{"p(90)":203.8,"p(95)":206,"p(97)":206.72,"avg":197.35064935064935,"min":191,"med":196,"max":212},"type":"trend"}},"root_group":{"checks":[],"name":"","path":"","id":"d41d8cd98f00b204e9800998ecf8427e","groups":[{"id":"4f2be4c3dba368be20a06d0f5b2ffc29","groups":[],"checks":[{"fails":0,"name":"status equals 200","path":"::tx01_launch::status equals 200","id":"6d566d1e25ef066d69e9b4a1c1c25fb3","passes":2}],"name":"tx01_launch","path":"::tx01_launch"},{"name":"tx02_login","path":"::tx02_login","id":"26fed9aacfea526bc3f4bea6a6cf5f15","groups":[],"checks":[{"name":"status equals 200","path":"::tx02_login::status equals 200","id":"b0a73f2903048f9ed4695290f3ae61cf","passes":4,"fails":0},{"name":"status equals 302","path":"::tx02_login::status equals 302","id":"21a5d5b65f191af6efc9348be62cca3b","passes":2,"fails":0}]},{"path":"::tx03_search_animal","id":"19051e5aca2ac555a179bb99bfa016bf","groups":[],"checks":[{"name":"status equals 200","path":"::tx03_search_animal::status equals 200","id":"6128130a9b45bb53b546fdb8b1d38b2d","passes":77,"fails":0}],"name":"tx03_search_animal"},{"id":"491561b91f9a11aa5066555e8d178606","groups":[],"checks":[{"name":"status equals 200","path":"::tx04_select_product::status equals 200","id":"180f527ab4b1ea7b785d2796218cf24b","passes":7,"fails":70}],"name":"tx04_select_product","path":"::tx04_select_product"},{"id":"3eaebfde496c45cfc7e0ac86ed3b0062","groups":[],"checks":[{"name":"status equals 302","path":"::tx05_add_to_cart::status equals 302","id":"6d7b1bcf39593c22a232a92f4b38fb15","passes":7,