{
    "metrics": {
        "http_reqs": {
            "count": 1631,
            "rate": 17.917464247867
        },
        "data_sent": {
            "rate": 2132.7165384134905,
            "count": 194138
        },
        "http_req_duration{expected_response:true}": {
            "avg": 597.2746589869272,
            "min": 154.6413,
            "med": 185.12125,
            "max": 31802.4673,
            "p(90)": 913.7740600000138,
            "p(95)": 1221.8113849999995
        },
        "add_to_cart": {
            "p(90)": 1408.3000000000002,
            "p(95)": 6054.649999999991,
            "avg": 1481.676923076923,
            "min": 333,
            "med": 397,
            "max": 31941
        },
        "data_received": {
            "rate": 36549.528821828106,
            "count": 3327049
        },
        "http_req_receiving": {
            "p(90)": 2.3553,
            "p(95)": 3.4760999999999997,
            "avg": 1.2148132434089525,
            "min": 0,
            "med": 0,
            "max": 88.5901
        },
        "group_duration": {
            "avg": 930.5740221809159,
            "min": 160.8232,
            "med": 344.6523,
            "max": 31940.0429,
            "p(90)": 1355.58756,
            "p(95)": 3382.7276299999994
        },
        "http_req_waiting": {
            "p(95)": 1192.06425,
            "avg": 449.5977938687923,
            "min": 2.6337,
            "med": 172.4369,
            "max": 31801.9414,
            "p(90)": 280.1924
        },
        "iteration_duration": {
            "avg": 4935.997951282053,
            "min": 335.0966,
            "med": 1873.47255,
            "max": 37677.926,
            "p(90)": 12226.71185,
            "p(95)": 17396.209000000003
        },
        "t02_login": {
            "avg": 1153.4,
            "min": 500,
            "med": 556,
            "max": 3642,
            "p(90)": 2153.3999999999996,
            "p(95)": 2897.699999999998
        },
        "http_req_tls_handshaking": {
            "p(95)": 0,
            "avg": 2.961553770692827,
            "min": 0,
            "med": 0,
            "max": 3089.3162,
            "p(90)": 0
        },
        "click_confirm": {
            "avg": 1258.7153846153847,
            "min": 321,
            "med": 396.5,
            "max": 22984,
            "p(90)": 3369,
            "p(95)": 7123.599999999998
        },
        "logout": {
            "min": 335,
            "med": 351,
            "max": 488,
            "p(90)": 439.40000000000003,
            "p(95)": 463.69999999999993,
            "avg": 376.7142857142857
        },
        "checks": {
            "fails": 360,
            "passes": 1271,
            "value": 0.7792765174739423
        },
        "t01_launch": {
            "med": 1543,
            "max": 8518,
            "p(90)": 7653.099999999999,
            "p(95)": 8085.549999999999,
            "avg": 2893.1,
            "min": 214
        },
        "click_continue": {
            "avg": 371.12307692307695,
            "min": 161,
            "med": 182.5,
            "max": 15617,
            "p(90)": 213.10000000000002,
            "p(95)": 324.99999999999955
        },
        "search_animal": {
            "p(90)": 1184.1,
            "p(95)": 1199.5,
            "avg": 688.8307692307692,
            "min": 164,
            "med": 188.5,
            "max": 31803
        },
        "increase_quantity_to_2_and_proceed_to_checkout": {
            "max": 31868,
            "p(90)": 1377.7,
            "p(95)": 5675.099999999995,
            "avg": 1216.7615384615385,
            "min": 334,
            "med": 394
        },
        "vus_max": {
            "value": 10,
            "min": 10,
            "max": 10
        },
        "http_req_sending": {
            "min": 0,
            "med": 0,
            "max": 2.5571,
            "p(90)": 0.5363,
            "p(95)": 0.6169,
            "avg": 0.10204592274678113
        },
        "iterations": {
            "count": 156,
            "rate": 1.7137488796243112
        },
        "vus": {
            "value": 1,
            "min": 0,
            "max": 10
        },
        "http_req_blocked": {
            "p(90)": 0,
            "p(95)": 0,
            "avg": 9.178288718577559,
            "min": 0,
            "med": 0,
            "max": 7065.3441
        },
        "http_req_duration": {
            "avg": 450.91465303494755,
            "min": 2.6758,
            "med": 173.5615,
            "max": 31802.4673,
            "p(90)": 283.6464,
            "p(95)": 1192.9547,
            "thresholds": {
                "p(95)<2000": false
            }
        },
        "http_req_failed": {
            "passes": 407,
            "fails": 1224,
            "thresholds": {
                "rate<0.1": true
            },
            "value": 0.24954015941140403
        },
        "http_req_connecting": {
            "p(90)": 0,
            "p(95)": 0,
            "avg": 6.206756652360516,
            "min": 0,
            "med": 0,
            "max": 7040.7775
        },
        "select_product": {
            "min": 175,
            "med": 193,
            "max": 7464,
            "p(90)": 1187.2,
            "p(95)": 1226.95,
            "avg": 427.9769230769231
        }
    },
    "root_group": {
        "path": "",
        "id": "d41d8cd98f00b204e9800998ecf8427e",
        "groups": {
            "t01_launch": {
                "groups": {},
                "checks": {
                        "status equals 200": {
                            "passes": 10,
                            "fails": 0,
                            "name": "status equals 200",
                            "path": "::t01_launch::status equals 200",
                            "id": "e9fbeabb072d870b2a1f6ebf693273bc"
                        }
                    },
                "name": "t01_launch",
                "path": "::t01_launch",
                "id": "a82ae98f898725552b4853573aeba794"
            },
            "t02_login": {
                "path": "::t02_login",
                "id": "9ce03dfe38bfc54c55b3606608908d98",
                "groups": {},
                "checks": {
                        "status equals 503": {
                            "fails": 0,
                            "name": "status equals 503",
                            "path": "::t02_login::status equals 503",
                            "id": "718d383d763353e5e435e15f22a4b7bb",
                            "passes": 10
                        },
                        "status equals 200": {
                            "id": "572a1a7e66e6da006d74905a3749aa7e",
                            "passes": 20,
                            "fails": 0,
                            "name": "status equals 200",
                            "path": "::t02_login::status equals 200"
                        },
                        "status equals 302": {
                            "id": "a39706f621fc861dc2d818be458495e2",
                            "passes": 10,
                            "fails": 0,
                            "name": "status equals 302",
                            "path": "::t02_login::status equals 302"
                        }
                    },
                "name": "t02_login"
            },
            "search_animal": {
                "id": "cabe02709c4dd9b04d7bd941aa2d60ad",
                "groups": {},
                "checks": {
                        "status equals 200": {
                            "path": "::search_animal::status equals 200",
                            "id": "c8854605e6a21e243f32dbfd62f9035a",
                            "passes": 130,
                            "fails": 0,
                            "name": "status equals 200"
                        }
                    },
                "name": "search_animal",
                "path": "::search_animal"
            },