{
    "metrics": {
        "http_req_blocked": {
            "max": 29.2936,
            "p(90)": 0,
            "p(95)": 0,
            "avg": 0.04212185555346031,
            "min": 0,
            "med": 0
        },
        "http_req_sending": {
            "p(90)": 0.54246,
            "p(95)": 0.6222299999999997,
            "avg": 0.12429711484065634,
            "min": 0,
            "med": 0,
            "max": 9.8773
        },
        "iterations": {
            "count": 471,
            "rate": 5.208546952182756
        },
        "increase_quantity_to_2_and_proceed_to_checkout": {
            "p(90)": 376.5,
            "p(95)": 389.75,
            "avg": 364.9977064220183,
            "min": 338,
            "med": 358,
            "max": 700
        },
        "http_req_duration{expected_response:true}": {
            "med": 173.9409,
            "max": 555.9126,
            "p(90)": 185.92099000000002,
            "p(95)": 193.30142999999998,
            "avg": 179.4211268476625,
            "min": 155.7857
        },
        "http_reqs": {
            "count": 5303,
            "rate": 58.643151777972726
        },
        "click_continue": {
            "p(95)": 186.25,
            "avg": 176.18119266055047,
            "min": 156,
            "med": 171,
            "max": 507,
            "p(90)": 181
        },
        "add_to_cart": {
            "max": 700,
            "p(90)": 383,
            "p(95)": 391.25,
            "avg": 368.19954128440367,
            "min": 340,
            "med": 360
        },
        "iteration_duration": {
            "p(95)": 1937.2509,
            "avg": 1605.046175796179,
            "min": 351.5986,
            "med": 1608.2108,
            "max": 2918.212,
            "p(90)": 1772.8018
        },
        "vus": {
            "value": 1,
            "min": 0,
            "max": 10
        },
        "t02_login": {
            "med": 536,
            "max": 554,
            "p(90)": 548.6,
            "p(95)": 551.3,
            "avg": 534.1,
            "min": 511
        },
        "vus_max": {
            "value": 10,
            "min": 10,
            "max": 10
        },
        "data_received": {
            "count": 10045235,
            "rate": 111085.091599171
        },
        "t01_launch": {
            "avg": 463.8,
            "min": 199,
            "med": 518.5,
            "max": 576,
            "p(90)": 545.4,
            "p(95)": 560.6999999999999
        },
        "search_animal": {
            "max": 501,
            "p(90)": 189,
            "p(95)": 199,
            "avg": 182.454128440367,
            "min": 166,
            "med": 177
        },
        "logout": {
            "p(90)": 373.4,
            "p(95)": 375.2,
            "avg": 361.85714285714283,
            "min": 352,
            "med": 360,
            "max": 377
        },
        "http_req_failed": {
            "passes": 1325,
            "fails": 3978,
            "thresholds": {
                "rate<0.1": true
            },
            "value": 0.24985857062040354
        },
        "group_duration": {
            "avg": 275.39878441165365,
            "min": 155.7857,
            "med": 332.4703,
            "max": 700.6647,
            "p(90)": 369.17217999999997,
            "p(95)": 383.37360000000007
        },
        "click_confirm": {
            "p(95)": 386,
            "avg": 353.97935779816515,
            "min": 326,
            "med": 345,
            "max": 688,
            "p(90)": 364
        },
        "data_sent": {
            "count": 577320,
            "rate": 6384.285194127704
        },
        "http_req_waiting": {
            "p(90)": 182.102,
            "p(95)": 188.04883,
            "avg": 135.94935193286827,
            "min": 0.62,
            "med": 170.3045,
            "max": 523.9419
        },
        "http_req_duration": {
            "med": 171.1895,
            "max": 555.9126,
            "p(90)": 183.49834,
            "p(95)": 189.77697999999998,
            "avg": 136.86137141240854,
            "min": 0.62,
            "thresholds": {
                "p(95)<2000": false
            }
        },
        "http_req_connecting": {
            "avg": 0.012599509711484066,
            "min": 0,
            "med": 0,
            "max": 8.9834,
            "p(90)": 0,
            "p(95)": 0
        },
        "http_req_receiving": {
            "p(90)": 2.344620000000001,
            "p(95)": 3.347629999999998,
            "avg": 0.7877223646992266,
            "min": 0,
            "med": 0,
            "max": 36.8492
        },
        "checks": {
            "fails": 1278,
            "passes": 4025,
            "value": 0.7590043371676409
        },
        "select_product": {
            "p(90)": 202,
            "p(95)": 213.25,
            "avg": 194.8302752293578,
            "min": 175,
            "med": 188,
            "max": 533
        },
        "http_req_tls_handshaking": {
            "p(95)": 0,
            "avg": 0.028141278521591553,
            "min": 0,
            "med": 0,
            "max": 16.6356,
            "p(90)": 0
        }
    },
    "root_group": {
        "name": "",
        "path": "",
        "id": "d41d8cd98f00b204e9800998ecf8427e",
        "groups": {
            "t01_launch": {
                "name": "t01_launch",
                "path": "::t01_launch",
                "id": "a82ae98f898725552b4853573aeba794",
                "groups": {},
                "checks": {
                        "status equals 200": {
                            "fails": 0,
                            "name": "status equals 200",
                            "path": "::t01_launch::status equals 200",
                            "id": "e9fbeabb072d870b2a1f6ebf693273bc",
                            "passes": 10
                        }
                    }
            },
            "t02_login": {
                "checks": {
                    "status equals 503": {
                        "name": "status equals 503",
                        "path": "::t02_login::status equals 503",
                        "id": "718d383d763353e5e435e15f22a4b7bb",
                        "passes": 10,
                        "fails": 0
                    },
                    "status equals 200": {
                        "name": "status equals 200",
                        "path": "::t02_login::status equals 200",
                        "id": "572a1a7e66e6da006d74905a3749aa7e",
                        "passes": 20,
                        "fails": 0
                    },
                    "status equals 302": {
                        "id": "a39706f621fc861dc2d818be458495e2",
                        "passes": 10,
                        "fails": 0,
                        "name": "status equals 302",
                        "path": "::t02_login::status equals 302"
                    }
                },
                "name": "t02_login",
                "path": "::t02_login",
                "id": "9ce03dfe38bfc54c55b3606608908d98",
                "groups": {}
            },
            "search_animal": {
                "name": "search_animal",
                "path": "::search_animal",
                "id": "cabe02709c4dd9b04d7bd941aa2d60ad",
                "groups": {},
                "checks": {
                        "status equals 200": {
                            "name": "status equals 200",
                            "path": "::search_animal::status equals 200",
                            "id": "c8854605e6a21e243f32dbfd62f9035a",
                            "passes": 436,
                            "fails": 0
                        }
                    }
            },
            "select product": {
                "groups": {},
                "checks": {
                        "status equals 503": {
                            "passes": 436,
                            "fails": 0,