{
    "metrics": {
        "iterations": {
            "count": 339,
            "rate": 3.012088620509206
        },
        "http_req_connecting": {
            "avg": 0.01709533754249636,
            "min": 0,
            "med": 0,
            "max": 9.9233,
            "p(90)": 0,
            "p(95)": 0
        },
        "add_to_cart": {
            "p(90)": 443.79999999999995,
            "p(95)": 698.0999999999999,
            "avg": 532.5752212389381,
            "min": 346,
            "med": 369,
            "max": 31777
        },
        "http_req_blocked": {
            "avg": 0.06924507042253522,
            "min": 0,
            "med": 0,
            "max": 70.1104,
            "p(90)": 0,
            "p(95)": 0
        },
        "vus": {
            "value": 1,
            "min": 0,
            "max": 10
        },
        "t02_login": {
            "avg": 623.3,
            "min": 531,
            "med": 546.5,
            "max": 869,
            "p(90)": 860.9,
            "p(95)": 864.95
        },
        "iteration_duration": {
            "p(90)": 2681.9144799999995,
            "p(95)": 5784.750709999986,
            "avg": 2604.623605309736,
            "min": 1560.753,
            "med": 1663.6874,
            "max": 40161.4533
        },
        "http_req_duration{expected_response:true}": {
            "p(95)": 256.35195,
            "avg": 282.1776296344225,
            "min": 159.9708,
            "med": 178.4827,
            "max": 31746.239,
            "p(90)": 205.9024
        },
        "increase_quantity_to_2_and_proceed_to_checkout": {
            "avg": 703.9675516224189,
            "min": 347,
            "med": 365,
            "max": 32886,
            "p(90)": 414.2,
            "p(95)": 695.2999999999995
        },
        "http_req_waiting": {
            "avg": 212.7274755706655,
            "min": 0.5335,
            "med": 174.0552,
            "max": 31745.7313,
            "p(90)": 198.49528,
            "p(95)": 217.69116
        },
        "click_continue": {
            "avg": 269.3126843657817,
            "min": 160,
            "med": 177,
            "max": 7429,
            "p(90)": 207.2,
            "p(95)": 240.79999999999973
        },
        "http_req_failed": {
            "passes": 1027,
            "fails": 3091,
            "thresholds": {
                "rate<0.1": true
            },
            "value": 0.24939290917921322
        },
        "http_req_receiving": {
            "min": 0,
            "med": 0,
            "max": 100.4664,
            "p(90)": 2.9323900000000003,
            "p(95)": 4.505699999999999,
            "avg": 1.0221973530840203
        },
        "click_confirm": {
            "med": 354,
            "max": 7604,
            "p(90)": 409.2,
            "p(95)": 491.0999999999996,
            "avg": 441.7994100294985,
            "min": 334
        },
        "http_req_duration": {
            "avg": 213.93438875667795,
            "min": 0.5335,
            "med": 175.27814999999998,
            "max": 31746.239,
            "p(90)": 199.54355000000004,
            "p(95)": 220.38745499999996,
            "thresholds": {
                "p(95)<2000": false
            }
        },
        "http_reqs": {
            "count": 4118,
            "rate": 36.58932430459266
        },
        "http_req_tls_handshaking": {
            "avg": 0.04688006313744535,
            "min": 0,
            "med": 0,
            "max": 48.0487,
            "p(90)": 0,
            "p(95)": 0
        },
        "vus_max": {
            "value": 10,
            "min": 10,
            "max": 10
        },
        "data_received": {
            "count": 7842830,
            "rate": 69685.24777459652
        },
        "checks": {
            "passes": 3131,
            "fails": 987,
            "value": 0.7603205439533754
        },
        "search_animal": {
            "avg": 299.68436578171094,
            "min": 171,
            "med": 183,
            "max": 15630,
            "p(90)": 218.2,
            "p(95)": 281.0999999999993
        },
        "select_product": {
            "p(95)": 289.39999999999986,
            "avg": 310.03244837758115,
            "min": 179,
            "med": 192,
            "max": 31689,
            "p(90)": 218
        },
        "t01_launch": {
            "min": 198,
            "med": 542.5,
            "max": 3629,
            "p(90)": 2283.4999999999995,
            "p(95)": 2956.249999999998,
            "avg": 967.2
        },
        "http_req_sending": {
            "avg": 0.18471583292860597,
            "min": 0,
            "med": 0,
            "max": 10.364,
            "p(90)": 0.56213,
            "p(95)": 0.6371199999999997
        },
        "data_sent": {
            "count": 454912,
            "rate": 4041.991913076944
        },
        "group_duration": {
            "p(90)": 401.11981000000003,
            "p(95)": 513.6195149999998,
            "avg": 429.83997278481024,
            "min": 160.4546,
            "med": 342.17435,
            "max": 32885.9939
        }
    },
    "root_group": {
        "name": "",
        "path": "",
        "id": "d41d8cd98f00b204e9800998ecf8427e",
        "groups": {
            "t01_launch": {
                "name": "t01_launch",
                "path": "::t01_launch",
                "id": "a82ae98f898725552b4853573aeba794",
                "groups": {},
                "checks": {
                        "status equals 200": {
                            "passes": 10,
                            "fails": 0,
                            "name": "status equals 200",
                            "path": "::t01_launch::status equals 200",
                            "id": "e9fbeabb072d870b2a1f6ebf693273bc"
                        }
                    }
            },
            "t02_login": {
                "path": "::t02_login",
                "id": "9ce03dfe38bfc54c55b3606608908d98",
                "groups": {},
                "checks": {
                        "status equals 503": {
                            "passes": 10,
                            "fails": 0,
                            "name": "status equals 503",
                            "path": "::t02_login::status equals 503",
                            "id": "718d383d763353e5e435e15f22a4b7bb"
                        },
                        "status equals 200": {
                            "path": "::t02_login::status equals 200",
                            "id": "572a1a7e66e6da006d74905a3749aa7e",
                            "passes": 20,
                            "fails": 0,
                            "name": "status equals 200"
                        },
                        "status equals 302": {
                            "name": "status equals 302",
                            "path": "::t02_login::status equals 302",
                            "id": "a39706f621fc861dc2d818be458495e2",
                            "passes": 10,
                            "fails": 0
                        }
                    },
                "name": "t02_login"
            },
            "search_animal": {
                "id": "cabe02709c4dd9b04d7bd941aa2d60ad",
                "groups": {},
                "checks": {
                        "status equals 200": {
                            "passes": 339,
                            "fails": 0,
                            "name": "status equals 200",
                            "path": "::search_animal::status equals 200",
                            "id": "c8854605e6a21e243f32dbfd62f9035a"
                        }
                    },
                "name": "search_animal",
                "path": "::search_animal"
            },
            "select product": {
                "name": "select product",
                "path": "::select product",
                "id": "99aed3188dced85edcd86eac85ec069a",
                "groups": {},