{
    "metrics": {
        "t01_launch": {
            "med": 526.5,
            "max": 547,
            "p(90)": 542.5,
            "p(95)": 544.75,
            "avg": 496.1,
            "min": 207
        },
        "http_req_duration": {
            "p(90)": 184.90084,
            "p(95)": 194.087055,
            "avg": 179.15644730731225,
            "min": 157.2278,
            "med": 173.21005,
            "max": 542.6831,
            "thresholds": {
                "p(95)<2000": false
            }
        },
        "http_reqs": {
            "count": 4048,
            "rate": 44.680646020771796
        },
        "http_req_duration{expected_response:true}": {
            "avg": 179.15644730731225,
            "min": 157.2278,
            "med": 173.21005,
            "max": 542.6831,
            "p(90)": 184.90084,
            "p(95)": 194.087055
        },
        "add_to_cart_count": {
            "count": 444,
            "rate": 4.9007427947684485
        },
        "http_req_failed": {
            "passes": 0,
            "fails": 4048,
            "thresholds": {
                "rate<0.1": false
            },
            "value": 0
        },
        "checks": {
            "passes": 2746,
            "fails": 1302,
            "value": 0.6783596837944664
        },
        "t02_login": {
            "min": 508,
            "med": 530,
            "max": 631,
            "p(90)": 586,
            "p(95)": 608.5,
            "avg": 542.6
        },
        "search_animal_count": {
            "count": 444,
            "rate": 4.9007427947684485
        },
        "add_to_cart": {
            "min": 332,
            "med": 348,
            "max": 719,
            "p(90)": 366,
            "p(95)": 388.84999999999997,
            "avg": 360.5450450450451
        },
        "vus_max": {
            "value": 10,
            "min": 10,
            "max": 10
        },
        "select_product": {
            "max": 517,
            "p(90)": 188,
            "p(95)": 194.84999999999997,
            "avg": 180.98648648648648,
            "min": 168,
            "med": 177
        },
        "http_req_connecting": {
            "avg": 0.015297603754940712,
            "min": 0,
            "med": 0,
            "max": 7.5858,
            "p(90)": 0,
            "p(95)": 0
        },
        "http_req_receiving": {
            "med": 0.4891,
            "max": 20.3621,
            "p(90)": 3.990280000000001,
            "p(95)": 5.646174999999999,
            "avg": 1.246325666996047,
            "min": 0
        },
        "increase_quantity_to_2_and_proceed_to_checkout_count": {
            "count": 444,
            "rate": 4.9007427947684485
        },
        "http_req_tls_handshaking": {
            "med": 0,
            "max": 57.6466,
            "p(90)": 0,
            "p(95)": 0,
            "avg": 0.04178505434782609,
            "min": 0
        },
        "click_confirm_count": {
            "rate": 4.9007427947684485,
            "count": 444
        },
        "iterations": {
            "count": 477,
            "rate": 5.264987191676914
        },
        "click_continue_count": {
            "count": 444,
            "rate": 4.9007427947684485
        },
        "data_received": {
            "count": 10046375,
            "rate": 110888.96372700871
        },
        "click_confirm": {
            "med": 343,
            "max": 715,
            "p(90)": 369.7,
            "p(95)": 394.84999999999997,
            "avg": 353.4144144144144,
            "min": 328
        },
        "select_product_count": {
            "count": 444,
            "rate": 4.9007427947684485
        },
        "http_req_waiting": {
            "avg": 177.79912821146226,
            "min": 156.1971,
            "med": 171.91505,
            "max": 540.1773,
            "p(90)": 183.2774,
            "p(95)": 192.16050499999994
        },
        "iteration_duration": {
            "med": 1571.7231,
            "max": 2790.7515,
            "p(90)": 1721.227720000001,
            "p(95)": 1912.3326399999999,
            "avg": 1581.603699371067,
            "min": 337.6412
        },
        "logout_count": {
            "count": 6,
            "rate": 0.06622625398335741
        },
        "group_duration": {
            "p(90)": 360.54899,
            "p(95)": 374.683225,
            "avg": 270.38000289962787,
            "min": 160.3738,
            "med": 330.92010000000005,
            "max": 718.8474
        },
        "t02_login_count": {
            "count": 10,
            "rate": 0.11037708997226235
        },
        "click_continue": {
            "avg": 176.46621621621622,
            "min": 160,
            "med": 172,
            "max": 507,
            "p(90)": 183,
            "p(95)": 192
        },
        "search_animal": {
            "med": 176.5,
            "max": 496,
            "p(90)": 187,
            "p(95)": 194.84999999999997,
            "avg": 179.98423423423424,
            "min": 167
        },
        "increase_quantity_to_2_and_proceed_to_checkout": {
            "avg": 357.81756756756755,
            "min": 330,
            "med": 346,
            "max": 699,
            "p(90)": 371.7,
            "p(95)": 391.39999999999986
        },
        "http_req_sending": {
            "avg": 0.11099342885375497,
            "min": 0,
            "med": 0,
            "max": 6.6672,
            "p(90)": 0.5273400000000001,
            "p(95)": 0.6181599999999998
        },
        "t01_launch_count": {
            "count": 10,
            "rate": 0.11037708997226235
        },
        "data_sent": {
            "rate": 5679.232410342815,
            "count": 514530
        },
        "logout": {
            "max": 670,
            "p(90)": 513.5,
            "p(95)": 591.75,
            "avg": 402.6666666666667,
            "min": 337,
            "med": 351.5
        },
        "http_req_blocked": {
            "max": 63.1372,
            "p(90)": 0,
            "p(95)": 0,
            "avg": 0.059752816205533604,
            "min": 0,
            "med": 0
        },
        "vus": {
            "value": 1,
            "min": 0,
            "max": 10
        }
    },
    "root_group": {
        "name": "",
        "path": "",
        "id": "d41d8cd98f00b204e9800998ecf8427e",
        "groups": {
            "t01_launch": {
                "id": "a82ae98f898725552b4853573aeba794",
                "groups": {},
                "checks": {
                        "status equals 200": {
                            "passes": 10,
                            "fails": 0,
                            "name": "status equals 200",
                            "path": "::t01_launch::status equals 200",
                            "id": "e9fbeabb072d870b2a1f6ebf693273bc"
                        }
                    },
                "name": "t01_launch",
                "path": "::t01_launch"
            },
            "t02_login": {
                "name": "t02_login",
                "path": "::t02_login",
                "id": "9ce03dfe38bfc54c55b3606608908d98",
                "groups": {},
                "checks": {
                        "status equals 200": {
                            "name": "status equals 200",
                            "path": "::t02_login::status equals 200",
                            "id": "572a1a7e66e6da006d74905a3749aa7e",
                            "passes": 20,
                            "fails": 0
                        },
                        "status equals 302": {
                            "name": "status equals 302",
                            "path": "::t02_login::status equals 302",
                            "id": "a39706f621fc861dc2d818be458495e2",
                            "passes": 10,
                            "fails": 0
                        }
                    }
            },
            "search_animal": {
                "groups": {},