{
    "metrics": {
        "click_confirm": {
            "avg": 448.51020408163265,
            "min": 424,
            "med": 447,
            "max": 533,
            "p(90)": 462.9,
            "p(95)": 476.29999999999995,
            "p(97)": 483.18,
            "thresholds": {
                "p(95)<1500": false,
                "p(99)<3000": false
            }
        },
        "search_animal_count": {
            "count": 98,
            "rate": 1.6284742376206462
        },
        "http_req_duration": {
            "p(97)": 280.835449,
            "avg": 213.04101702355453,
            "min": 189.0564,
            "med": 201.29415,
            "max": 607.8458,
            "p(90)": 228.18849,
            "p(95)": 238.514095,
            "thresholds": {
                "p(99)<2000": false
            }
        },
        "vus": {
            "value": 1,
            "min": 0,
            "max": 10
        },
        "search_animal": {
            "p(90)": 206,
            "p(95)": 213.14999999999998,
            "p(97)": 215.54000000000002,
            "avg": 204.29591836734693,
            "min": 193,
            "med": 199,
            "max": 555
        },
        "t02_login_count": {
            "count": 10,
            "rate": 0.16617084057353534
        },
        "increase_quantity_to_2_and_proceed_to_checkout": {
            "p(90)": 426.7,
            "p(95)": 493.74999999999994,
            "p(97)": 516.9600000000002,
            "avg": 411.2040816326531,
            "min": 386,
            "med": 399,
            "max": 793
        },
        "http_req_tls_handshaking": {
            "p(97)": 0,
            "avg": 0.1386095289079229,
            "min": 0,
            "med": 0,
            "max": 16.5462,
            "p(90)": 0,
            "p(95)": 0
        },
        "iterations": {
            "count": 361,
            "rate": 5.998767344704626
        },
        "data_received": {
            "count": 4486166,
            "rate": 74546.99751724147
        },
        "logout": {
            "med": 397,
            "max": 399,
            "p(90)": 398.5,
            "p(95)": 398.75,
            "p(97)": 398.85,
            "avg": 396,
            "min": 388
        },
        "vus_max": {
            "value": 10,
            "min": 10,
            "max": 10
        },
        "logout_count": {
            "count": 6,
            "rate": 0.0997025043441212
        },
        "http_req_duration{scenario:buyanimal_1_framework_lifecycle}": {
            "avg": 213.04101702355453,
            "min": 189.0564,
            "med": 201.29415,
            "max": 607.8458,
            "p(90)": 228.18849,
            "p(95)": 238.514095,
            "p(97)": 280.835449,
            "thresholds": {
                "p(95)<1500": false
            }
        },
        "add_to_cart_count": {
            "count": 98,
            "rate": 1.6284742376206462
        },
        "t01_launch": {
            "avg": 411.5,
            "min": 223,
            "med": 401,
            "max": 638,
            "p(90)": 602.9,
            "p(95)": 620.4499999999999,
            "p(97)": 627.47,
            "thresholds": {
                "p(95)<800": false
            }
        },
        "http_req_waiting": {
            "avg": 211.2366509635972,
            "min": 179.9268,
            "med": 199.5831,
            "max": 607.3368,
            "p(90)": 227.14115,
            "p(95)": 235.05997,
            "p(97)": 279.146449
        },
        "checks": {
            "fails": 5,
            "passes": 929,
            "value": 0.9946466809421841
        },
        "select_product": {
            "avg": 216.30612244897958,
            "min": 192,
            "med": 203,
            "max": 578,
            "p(90)": 218,
            "p(95)": 277.59999999999997,
            "p(97)": 322.54000000000036
        },
        "group_duration": {
            "avg": 325.02055960912054,
            "min": 192.3604,
            "med": 389.7964,
            "max": 792.7846,
            "p(90)": 452.48449000000005,
            "p(95)": 487.4559250000002,
            "p(97)": 578.749337
        },
        "click_confirm_count": {
            "count": 98,
            "rate": 1.6284742376206462
        },
        "http_reqs": {
            "count": 934,
            "rate": 15.5203565095682
        },
        "t02_login": {
            "p(90)": 608.3,
            "p(95)": 609.65,
            "p(97)": 610.19,
            "avg": 599.2,
            "min": 578,
            "med": 602,
            "max": 611,
            "thresholds": {
                "p(95)<1000": false
            }
        },
        "http_req_receiving": {
            "p(90)": 4.0235,
            "p(95)": 5.308839999999998,
            "p(97)": 6.612178,
            "avg": 1.6786211991434685,
            "min": 0,
            "med": 0.9659500000000001,
            "max": 55.8764
        },
        "data_sent": {
            "count": 149416,
            "rate": 2482.8582315135354
        },
        "framework_iterations": {
            "count": 98,
            "rate": 1.6284742376206462
        },
        "select_product_count": {
            "count": 98,
            "rate": 1.6284742376206462
        },
        "http_req_duration{expected_response:true}": {
            "avg": 212.96684919268023,
            "min": 189.0564,
            "med": 201.2161,
            "max": 607.8458,
            "p(90)": 228.12168,
            "p(95)": 238.22453999999996,
            "p(97)": 280.843684
        },
        "http_req_failed{scenario:buyanimal_1_framework_lifecycle}": {
            "passes": 5,
            "fails": 929,
            "thresholds": {
                "rate<0.05": false
            },
            "value": 0.0053533190578158455
        },
        "http_req_sending": {
            "p(97)": 0.708262,
            "avg": 0.12574486081370453,
            "min": 0,
            "med": 0,
            "max": 6.3762,
            "p(90)": 0.5522500000000001,
            "p(95)": 0.6345549999999993
        },
        "add_to_cart": {
            "p(95)": 451.29999999999984,
            "p(97)": 537.0400000000009,
            "avg": 415.7857142857143,
            "min": 383,
            "med": 401,
            "max": 783,
            "p(90)": 428.9
        },
        "click_continue_count": {
            "count": 98,
            "rate": 1.6284742376206462
        },
        "http_req_blocked": {
            "avg": 0.22526006423982867,
            "min": 0,
            "med": 0,
            "max": 29.6876,
            "p(90)": 0,
            "p(95)": 0,
            "p(97)": 0
        },
        "http_req_connecting": {
            "p(90)": 0,
            "p(95)": 0,
            "p(97)": 0,
            "avg": 0.07204625267665954,
            "min": 0,
            "med": 0,
            "max": 9.3121
        },
        "t01_launch_count": {
            "count": 10,
            "rate": 0.16617084057353534
        },
        "http_req_failed": {
            "passes": 5,
            "fails": 929,
            "thresholds": {
                "rate<0.1": false
            },
            "value": 0.0053533190578158455
        },
        "increase_quantity_to_2_and_proceed_to_checkout_count": {
            "count": 98,
            "rate": 1.6284742376206462
        },
        "click_continue": {
            "p(97)": 325.2700000000003,
            "avg": 212.73469387755102,
            "min": 193,
            "med": 200,
            "max": 575,
            "p(90)": 214,
            "p(95)": 290.34999999999974
        },
        "iteration_duration": {
            "avg": 1267.9435955678669,
            "min": 1000.0052,
            "med": 1000.6638,
            "max": 3082.435,
            "p(90)": 1877.2843,
            "p(95)": 2119.4462,
            "p(97)": 2214.3838399999995
        }
    },
    "root_group": {
        "groups": {
            "t01_launch": {
                "name": "t01_launch",