{"options":{"summaryTrendStats":["avg","min","med","max","p(90)","p(95)","p(97)"],"summaryTimeUnit":"","noColor":false},"state":{"isStdOutTTY":true,"isStdErrTTY":true,"testRunDurationMs":60711.834},"metrics":{"http_req_duration{expected_response:true}":{"contains":"time","values":{"avg":216.04771409227675,"min":186.5338,"med":204.65994999999998,"max":664.0229,"p(90)":233.59125,"p(95)":252.64181,"p(97)":293.686383},"type":"trend"},"data_sent":{"type":"counter","contains":"data","values":{"count":296469,"rate":4883.216013536998}},"http_reqs":{"contains":"default","values":{"count":2016,"rate":33.206046781587915},"type":"counter"},"click_confirm_count":{"type":"counter","contains":"default","values":{"count":218,"rate":3.590733233326471}},"t02_login_count":{"type":"counter","contains":"default","values":{"count":10,"rate":0.16471253363882896}},"framework_iterations":{"values":{"count":218,"rate":3.590733233326471},"type":"counter","contains":"default"},"logout":{"type":"trend","contains":"default","values":{"min":388,"med":397,"max":423,"p(90)":418.2,"p(95)":420.6,"p(97)":421.56,"avg":401.57142857142856}},"http_req_duration{scenario:buyanimal_1_framework_lifecycle}":{"type":"trend","contains":"time","values":{"avg":216.3597541170635,"min":186.5338,"med":204.7781,"max":664.0229,"p(90)":233.8154,"p(95)":254.56054999999998,"p(97)":294.49848},"thresholds":{"p(95)<1500":{"ok":true}}},"increase_quantity_to_2_and_proceed_to_checkout":{"type":"trend","contains":"default","values":{"max":793,"p(90)":446.20000000000005,"p(95)":512.5499999999996,"p(97)":607.9599999999999,"avg":421.10091743119267,"min":382,"med":403}},"http_req_waiting":{"type":"trend","contains":"time","values":{"avg":213.6927329365082,"min":182.1125,"med":201.0941,"max":653.7476,"p(90)":230.98205000000002,"p(95)":250.95195,"p(97)":293.12694999999997}},"search_animal":{"type":"trend","contains":"default","values":{"p(95)":231.44999999999993,"p(97)":242.4499999999999,"avg":207.88532110091742,"min":192,"med":201,"max":568,"p(90)":226}},"http_req_failed":{"type":"rate","contains":"default","values":{"fails":1994,"rate":0.010912698412698412,"passes":22},"thresholds":{"rate<0.1":{"ok":true}}},"iteration_duration":{"type":"trend","contains":"time","values":{"min":1000.0771,"med":1890.0407,"max":3132.271,"p(90)":2297.5982600000007,"p(95)":2387.3422699999996,"p(97)":2991.062815999999,"avg":1917.834552301255}},"select_product_count":{"type":"counter","contains":"default","values":{"count":218,"rate":3.590733233326471}},"http_req_duration":{"type":"trend","contains":"time","values":{"max":664.0229,"p(90)":233.8154,"p(95)":254.56054999999998,"p(97)":294.49848,"avg":216.3597541170635,"min":186.5338,"med":204.7781},"thresholds":{"p(99)<2000":{"ok":true}}},"http_req_sending":{"contains":"time","values":{"p(90)":0.5544,"p(95)":0.62885,"p(97)":0.6832849999999998,"avg":0.12451031746031756,"min":0,"med":0,"max":3.9901},"type":"trend"},"click_continue_count":{"contains":"default","values":{"count":218,"rate":3.590733233326471},"type":"counter"},"logout_count":{"contains":"default","values":{"count":7,"rate":0.11529877354718027},"type":"counter"},"click_confirm":{"contains":"default","values":{"avg":466.57798165137615,"min":421,"med":449,"max":929,"p(90)":504.1000000000001,"p(95)":577.5999999999999,"p(97)":615.8599999999997},"thresholds":{"p(95)<1500":{"ok":true},"p(99)<3000":{"ok":true}},"type":"trend"},"vus_max":{"contains":"default","values":{"min":10,"max":10,"value":10},"type":"gauge"},"http_req_blocked":{"type":"trend","contains":"time","values":{"avg":0.13606026785714287,"min":0,"med":0,"max":90.653,"p(90)":0,"p(95)":0,"p(97)":0}},"t02_login":{"type":"trend","contains":"default","values":{"med":590.5,"max":599,"p(90)":597.2,"p(95)":598.1,"p(97)":598.46,"avg":591.2,"min":580},"thresholds":{"p(95)<1000":{"ok":true}}},"http_req_connecting":{"type":"trend","contains":"time","values":{"max":18.7389,"p(90)":0,"p(95)":0,"p(97)":0,"avg":0.038108779761904764,"min":0,"med":0}},"http_req_tls_handshaking":{"values":{"min":0,"med":0,"max":17.7709,"p(90)":0,"p(95)":0,"p(97)":0,"avg":0.0688126488095238},"type":"trend","contains":"time"},"t01_launch_count":{"values":{"count":10,"rate":0.16471253363882896},"type":"counter","contains":"default"},"iterations":{"contains":"default","values":{"count":239,"rate":3.936629553968012},"type":"counter"},"group_duration":{"type":"trend","contains":"time","values":{"max":928.0926,"p(90)":457.5665400000001,"p(95)":501.49497,"p(97)":581.730414,"avg":327.5582273408236,"min":190.7556,"med":386.3186}},"add_to_cart_count":{"type":"counter","contains":"default","values":{"count":218,"rate":3.590733233326471}},"vus":{"type":"gauge","contains":"default","values":{"min":0,"max":10,"value":1}},"data_received":{"type":"counter","contains":"data","values":{"count":9652394,"rate":158987.0271420231}},"t01_launch":{"type":"trend","contains":"default","values":{"avg":558.5,"min":224,"med":587.5,"max":665,"p(90)":607.4,"p(95)":636.1999999999999,"p(97)":647.72},"thresholds":{"p(95)<800":{"ok":true}}},"http_req_receiving":{"type":"trend","contains":"time","values":{"med":1.00725,"max":87.9879,"p(90)":5.2773,"p(95)":8.26425,"p(97)":18.214969999999923,"avg":2.5425108630952433,"min":0}},"checks":{"type":"rate","contains":"default","values":{"rate":0.9890873015873016,"passes":1994,"fails":22}},"click_continue":{"type":"trend","contains":"default","values":{"p(97)":308.3499999999997,"avg":213.25229357798165,"min":193,"med":201,"max":664,"p(90)":223,"p(95)":234.3499999999998}},"search_animal_count":{"type":"counter","contains":"default","values":{"count":218,"rate":3.590733233326471}},"select_product":{"type":"trend","contains":"default","values":{"p(90)":226,"p(95)":237,"p(97)":257.3699999999998,"avg":214.17889908256882,"min":190,"med":208,"max":584}},"add_to_cart":{"type":"trend","contains":"default","values":{"p(95)":468.44999999999993,"p(97)":496.97999999999996,"avg":417.20183486238534,"min":381,"med":404,"max":797,"p(90)":447}},"increase_quantity_to_2_and_proceed_to_checkout_count":{"type":"counter","contains":"default","values":{"count":218,"rate":3.590733233326471}},"http_req_failed{scenario:buyanimal_1_framework_lifecycle}":{"thresholds":{"rate<0.05":{"ok":true}},"type":"rate","contains":"default","values":{"rate":0.010912698412698412,"passes":22,"fails":1994}}},"root_group":{"name":"","path":"","id":"d41d8cd98f00b204e9800998ecf8427e","groups":[{"groups":[],"checks":[{"name":"status equals 200","path":"::t01_launch::status equals 200","id":"e9fbeabb072d870b2a1f6ebf693273bc","passes":10,"fails":0}],"name":"t01_launch","path":"::t01_launch","id":"a82ae98f898725552b4853573aeba794"},{"name":"t02_login","path":"::t02_login","id":"9ce03dfe38bfc54c55b3606608908d98","groups":[],"checks":[{"path":"::t02_login::status equals 200","id":"572a1a7e66e6da006d74905a3749aa7e","passes":20,"fails":0,"name":"status equals 200"},{"name":"status equals 302","path":"::t02_login::status equals 302","id":"a39706f621fc861dc2d818be458495e2","passes":10,"fails":0}]},{"checks":[{"path":"::search_animal::status equals 200","id":"c8854605e6a21e243f32dbfd62f9035a","passes":218,"fails":0,"name":"status equals 200"}],"name":"search_animal","path":"::search_animal","id":"cabe02709c4dd9b04d7bd941aa2d60ad","groups":[]},{"name":"select product","path":"::select product","id":"99aed3188dced85edcd86eac85ec069a","groups":[],"checks":[{"path":"::select product::status equals 200","id":"88e9abd236f8bcb9f79a47eb7c830421","passes":218,"fails":0,"name":"status equals 200"}]},{"checks":[{"name":"status equals 302","path":"::add to cart::status equals 302","id":"4cb510aa46e43306ee34f6ad3f31cc9f","passes":218,"fails":0},{"name":"status equals 200","path":"::add to cart::status equals 200","id":"635173fcf3662df8ba0eed0319888cce","passes":218,"fails":0}],"name":"add to cart","path":"::add to cart","id":"2d37542368a4aab15aeddb289d87bac9","groups":[]},{"name":"increase quantity to 2 and proceed to checkout",