{
    "metrics": {
        "http_req_sending": {
            "p(90)": 0.5519,
            "p(95)": 0.6406,
            "avg": 0.12970921669270244,
            "min": 0,
            "med": 0,
            "max": 5.8254
        },
        "search_animal_count": {
            "rate": 4.07336886471008,
            "count": 368
        },
        "iterations": {
            "count": 386,
            "rate": 4.272609733092638
        },
        "click_confirm": {
            "min": 328,
            "med": 348,
            "max": 11768,
            "p(90)": 397.3,
            "p(95)": 406.65,
            "avg": 390.625
        },
        "http_req_failed": {
            "passes": 1119,
            "fails": 3362,
            "thresholds": {
                "rate<0.1": true
            },
            "value": 0.24972104440972998
        },
        "click_continue_count": {
            "rate": 4.07336886471008,
            "count": 368
        },
        "logout": {
            "p(95)": 400,
            "avg": 380,
            "min": 359,
            "med": 386,
            "max": 402,
            "p(90)": 398
        },
        "select_product": {
            "avg": 206.91032608695653,
            "min": 175,
            "med": 190,
            "max": 894,
            "p(90)": 223.3,
            "p(95)": 257.4999999999998
        },
        "vus": {
            "value": 1,
            "min": 0,
            "max": 10
        },
        "group_duration": {
            "p(90)": 393.75226000000004,
            "p(95)": 425.8859400000001,
            "avg": 334.2348793999102,
            "min": 163.8042,
            "med": 334.969,
            "max": 11768.6359
        },
        "iteration_duration": {
            "p(90)": 2005.2206,
            "p(95)": 2412.3424250000003,
            "avg": 1967.4582450777214,
            "min": 359.0122,
            "med": 1641.4263999999998,
            "max": 13041.2529
        },
        "http_req_duration{expected_response:true}": {
            "med": 175.3586,
            "max": 11470.3058,
            "p(90)": 201.53909000000002,
            "p(95)": 219.24567499999992,
            "avg": 218.20278402736471,
            "min": 157.9819
        },
        "t02_login_count": {
            "count": 10,
            "rate": 0.11068937132364347
        },
        "click_continue": {
            "p(90)": 201,
            "p(95)": 214.29999999999995,
            "avg": 184.89402173913044,
            "min": 164,
            "med": 174,
            "max": 588
        },
        "add_to_cart_count": {
            "count": 368,
            "rate": 4.07336886471008
        },
        "t01_launch": {
            "avg": 432.2,
            "min": 202,
            "med": 508.5,
            "max": 582,
            "p(90)": 567.6,
            "p(95)": 574.8
        },
        "http_reqs": {
            "rate": 49.59990729012464,
            "count": 4481
        },
        "http_req_connecting": {
            "p(95)": 0,
            "avg": 0.016779334969872797,
            "min": 0,
            "med": 0,
            "max": 12.4719,
            "p(90)": 0
        },
        "logout_count": {
            "count": 5,
            "rate": 0.055344685661821734
        },
        "http_req_blocked": {
            "max": 37.2891,
            "p(90)": 0,
            "p(95)": 0,
            "avg": 0.051064516848917656,
            "min": 0,
            "med": 0
        },
        "t02_login": {
            "med": 540.5,
            "max": 853,
            "p(90)": 594.6999999999999,
            "p(95)": 723.8499999999997,
            "avg": 569.4,
            "min": 513
        },
        "http_req_tls_handshaking": {
            "min": 0,
            "med": 0,
            "max": 17.9933,
            "p(90)": 0,
            "p(95)": 0,
            "avg": 0.031104753403258203
        },
        "http_req_waiting": {
            "min": 0,
            "med": 170.7293,
            "max": 11470.3058,
            "p(90)": 194.8605,
            "p(95)": 208.1703,
            "avg": 164.63592856505224
        },
        "data_sent": {
            "count": 492273,
            "rate": 5448.938888960394
        },
        "http_req_duration": {
            "avg": 166.0342146619056,
            "min": 0.452,
            "med": 172.1421,
            "max": 11470.3058,
            "p(90)": 196.6633,
            "p(95)": 209.8933,
            "thresholds": {
                "p(95)<2000": false
            }
        },
        "vus_max": {
            "value": 10,
            "min": 10,
            "max": 10
        },
        "add_to_cart": {
            "p(90)": 415,
            "p(95)": 489.29999999999995,
            "avg": 413.2798913043478,
            "min": 339,
            "med": 364,
            "max": 11201
        },
        "data_received": {
            "count": 8524124,
            "rate": 94352.99266447811
        },
        "search_animal": {
            "avg": 275.0597826086956,
            "min": 168,
            "med": 178,
            "max": 11280,
            "p(90)": 208,
            "p(95)": 233.94999999999993
        },
        "click_confirm_count": {
            "count": 368,
            "rate": 4.07336886471008
        },
        "checks": {
            "passes": 3407,
            "fails": 1074,
            "value": 0.760321356839991
        },
        "increase_quantity_to_2_and_proceed_to_checkout_count": {
            "count": 368,
            "rate": 4.07336886471008
        },
        "increase_quantity_to_2_and_proceed_to_checkout": {
            "avg": 524.8885869565217,
            "min": 337,
            "med": 363.5,
            "max": 11385,
            "p(90)": 407.3,
            "p(95)": 473
        },
        "t01_launch_count": {
            "count": 10,
            "rate": 0.11068937132364347
        },
        "http_req_receiving": {
            "max": 96.5211,
            "p(90)": 3.6228,
            "p(95)": 5.4248,
            "avg": 1.2685768801606774,
            "min": 0,
            "med": 0
        },
        "select_product_count": {
            "count": 368,
            "rate": 4.07336886471008
        }
    },
    "root_group": {
        "id": "d41d8cd98f00b204e9800998ecf8427e",
        "groups": {
            "t01_launch": {
                "name": "t01_launch",
                "path": "::t01_launch",
                "id": "a82ae98f898725552b4853573aeba794",
                "groups": {},
                "checks": {
                        "status equals 200": {
                            "name": "status equals 200",
                            "path": "::t01_launch::status equals 200",
                            "id": "e9fbeabb072d870b2a1f6ebf693273bc",
                            "passes": 10,
                            "fails": 0
                        }
                    }
            },
            "t02_login": {
                "checks": {
                    "status equals 503": {
                        "fails": 0,
                        "name": "status equals 503",
                        "path": "::t02_login::status equals 503",
                        "id": "718d383d763353e5e435e15f22a4b7bb",
                        "passes": 10
                    },
                    "status equals 200": {
                        "name": "status equals 200",
                        "path": "::t02_login::status equals 200",
                        "id": "572a1a7e66e6da006d74905a3749aa7e",
                        "passes": 20,
                        "fails": 0
                    },
                    "status equals 302": {
                        "name": "status equals 302",
                        "path": "::t02_login::status equals 302",
                        "id": "a39706f621fc861dc2d818be458495e2",
                        "passes": 10,
                        "fails": 0
                    }
                },
                "name": "t02_login",
                "path": "::t02_login",