{"metrics":{"http_reqs":{"type":"counter","contains":"default","values":{"count":826,"rate":32.491404853175055}},"http_req_duration{expected_response:true}":{"contains":"time","values":{"med":199.4256,"max":599.3674,"p(90)":234.70906000000002,"p(95)":265.03263,"p(97)":417.72807399999976,"avg":215.94243636363643,"min":188.997},"type":"trend"},"group_duration":{"type":"trend","contains":"time","values":{"p(95)":403.77848499999993,"p(97)":438.9126420000002,"avg":105.22673284671534,"min":7.0375,"med":52.87245,"max":771.6359,"p(90)":218.94966}},"http_req_failed{scenario:buyanimal_1_framework_lifecycle}":{"type":"rate","contains":"default","values":{"rate":0.7736077481840193,"passes":639,"fails":187},"thresholds":{"rate<0.05":{"ok":false}}},"t01_launch":{"type":"trend","contains":"default","values":{"p(95)":705.7,"p(97)":711.02,"avg":509,"min":222,"med":586,"max":719,"p(90)":692.4},"thresholds":{"p(95)<800":{"ok":true}}},"t02_login":{"contains":"default","values":{"avg":582.3333333333334,"min":579,"med":582,"max":586,"p(90)":585.2,"p(95)":585.6,"p(97)":585.76},"thresholds":{"p(95)<1000":{"ok":true}},"type":"trend"},"http_req_tls_handshaking":{"type":"trend","contains":"time","values":{"avg":0.07750096852300242,"min":0,"med":0,"max":25.0307,"p(90)":0,"p(95)":0,"p(97)":0}},"http_req_blocked":{"type":"trend","contains":"time","values":{"avg":0.21122845036319615,"min":0,"med":0,"max":119.2336,"p(90)":0,"p(95)":0,"p(97)":0}},"data_sent":{"type":"counter","contains":"data","values":{"count":124797,"rate":4908.994977556523}},"t03_search_animal":{"type":"trend","contains":"default","values":{"min":189,"med":196,"max":475,"p(90)":214,"p(95)":215.55,"p(97)":223.95,"avg":203.66666666666666}},"t06_increase_quantity_to_2_and_proceed_to_checkout":{"type":"trend","contains":"default","values":{"max":429,"p(90)":390.1,"p(95)":400.84999999999997,"p(97)":412.60999999999996,"avg":96.27777777777777,"min":14,"med":54.5}},"t07_click_continue":{"values":{"p(97)":213.32999999999998,"avg":45.888888888888886,"min":8,"med":27.5,"max":412,"p(90)":196.3,"p(95)":207.84999999999997},"type":"trend","contains":"default"},"framework_iterations":{"type":"counter","contains":"default","values":{"count":90,"rate":3.5402257103943766}},"http_req_duration":{"contains":"time","values":{"avg":69.05527820823227,"min":2.4376,"med":27.7225,"max":599.3674,"p(90)":203.5319,"p(95)":217.01012500000002,"p(97)":236.732675},"thresholds":{"p(99)<2000":{"ok":true}},"type":"trend"},"http_req_connecting":{"type":"trend","contains":"time","values":{"p(90)":0,"p(95)":0,"p(97)":0,"avg":0.02799685230024213,"min":0,"med":0,"max":8.5276}},"checks":{"values":{"fails":639,"rate":0.22639225181598063,"passes":187},"type":"rate","contains":"default"},"http_req_receiving":{"type":"trend","contains":"time","values":{"p(97)":23.9591,"avg":5.584353753026635,"min":0,"med":0.98395,"max":80.4444,"p(90)":20.902,"p(95)":22.340975}},"http_req_duration{scenario:buyanimal_1_framework_lifecycle}":{"type":"trend","contains":"time","values":{"p(97)":236.732675,"avg":69.05527820823227,"min":2.4376,"med":27.7225,"max":599.3674,"p(90)":203.5319,"p(95)":217.01012500000002},"thresholds":{"p(95)<1500":{"ok":true}}},"t05_add_to_cart":{"type":"trend","contains":"default","values":{"min":15,"med":55.5,"max":771,"p(90)":348.2000000000004,"p(95)":404.65,"p(97)":421.65,"avg":99.34444444444445}},"data_received":{"values":{"count":6463172,"rate":254234.30761223382},"type":"counter","contains":"data"},"vus":{"type":"gauge","contains":"default","values":{"value":1,"min":0,"max":3}},"http_req_waiting":{"type":"trend","contains":"time","values":{"avg":63.34639624697335,"min":0.5065,"med":22.939999999999998,"max":591.8577,"p(90)":200.42045,"p(95)":214.687275,"p(97)":234.374025}},"iterations":{"type":"counter","contains":"default","values":{"count":94,"rate":3.6975690753007937}},"iteration_duration":{"type":"trend","contains":"time","values":{"max":3584.1728,"p(90)":1291.5720100000003,"p(95)":2106.9187899999984,"p(97)":2426.4395609999965,"avg":656.4165542553193,"min":293.4032,"med":408.7973}},"t08_click_confirm":{"thresholds":{"p(95)<1500":{"ok":true},"p(99)<3000":{"ok":true}},"type":"trend","contains":"default","values":{"p(90)":443.4000000000001,"p(95)":480.75,"p(97)":493.24999999999994,"avg":101.54444444444445,"min":19,"med":51.5,"max":683}},"t04_select_product":{"type":"trend","contains":"default","values":{"avg":48.833333333333336,"min":7,"med":28,"max":428,"p(90)":196.80000000000007,"p(95)":212.29999999999998,"p(97)":236.64}},"t09_logout":{"type":"trend","contains":"default","values":{"p(90)":397.5,"p(95)":398.25,"p(97)":398.55,"avg":391.5,"min":384,"med":391.5,"max":399}},"http_req_failed":{"type":"rate","contains":"default","values":{"rate":0.7736077481840193,"passes":639,"fails":187},"thresholds":{"rate<0.1":{"ok":false}}},"http_req_sending":{"type":"trend","contains":"time","values":{"p(97)":0.700125,"avg":0.12452820823244554,"min":0,"med":0,"max":1.9484,"p(90)":0.54375,"p(95)":0.62585}},"vus_max":{"type":"gauge","contains":"default","values":{"value":3,"min":3,"max":3}}},"root_group":{"name":"","path":"","id":"d41d8cd98f00b204e9800998ecf8427e","groups":[{"checks":[{"name":"status equals 200","path":"::t01_launch::status equals 200","id":"e9fbeabb072d870b2a1f6ebf693273bc","passes":3,"fails":0}],"name":"t01_launch","path":"::t01_launch","id":"a82ae98f898725552b4853573aeba794","groups":[]},{"checks":[{"fails":0,"name":"status equals 200","path":"::t02_login::status equals 200","id":"572a1a7e66e6da006d74905a3749aa7e","passes":6},{"id":"a39706f621fc861dc2d818be458495e2","passes":3,"fails":0,"name":"status equals 302","path":"::t02_login::status equals 302"}],"name":"t02_login","path":"::t02_login","id":"9ce03dfe38bfc54c55b3606608908d98","groups":[]},{"name":"t03_search_animal","path":"::t03_search_animal","id":"2c411172a4fd400a30174d6703dc5236","groups":[],"checks":[{"name":"status equals 200","path":"::t03_search_animal::status equals 200","id":"07cb561161dba2fda60bf6f6af2f4e68","passes":90,"fails":0}]},{"checks":[{"fails":79,"name":"status equals 200","path":"::t04_select_product::status equals 200","id":"c400366e66af71744bcebb0e4f0a6bc2","passes":11}],"name":"t04_select_product","path":"::t04_select_product","id":"1517ec9d1bdfe502ef8b91a255b2c24c","groups":[]},{"groups":[],"checks":[{"name":"status equals 302","path":"::t05_add_to_cart::status equals 302","id":"97b295a44a9a1776bc0d99e62e2f10fc","passes":10,"fails":80},{"name":"status equals 200","path":"::t05_add_to_cart::status equals 200","id":"f5187b83cf21e13a1f0d0057bb90de1d","passes":10,"fails":80}],"name":"t05_add_to_cart","path":"::t05_add_to_cart","id":"b6627b92802b15f64309825dae70cf0d"},{"checks":[{"name":"status equals 200","path":"::t06_increase_quantity_to_2_and_proceed_to_checkout::status equals 200","id":"5f6ea59cce9d6909749cf87c44fda3ac","passes":21,"fails":159}],"name":"t06_increase_quantity_to_2_and_proceed_to_checkout","path":"::t06_increase_quantity_to_2_and_proceed_to_checkout","id":"07dde11545675edc622ea39eec849abc","groups":[]},{"id":"d0d2cc0254530ddb32894854e971a8d3","groups":[],"checks":[{"name":"status equals 200","path":"::t07_click_continue::status equals 200","id":"e329a54be859e2c7bff0b27e7b7c0d6b","passes":10,"fails":80}],"name":"t07_click_continue","path":"::t07_click_continue"},{"name":"t08_click_confirm","path":"::t08_click_confirm","id":"e1f48203a89d197215bc0ea5948f002c","groups":[],"checks":[{"name":"status equals 302","path":"::t08_click_confirm::status equals 302","id":"375fbe4db767a34916e72c2e2b4f7a2b","passes":9,"fails":81},{"id":"86620c265c8952d82c8acc5d01478eb7","passes":10,"fails":80,"name":"status equals 200","path":"::t08_click_confirm::status equals 200"}]},{"id":"e7b2b17596a4f83d6bfb6e6e66df21aa","groups":[],"checks":[{"name":"status equals 302","path":"::logout::status equals 302","id":"fed385f6cdcf697979f541b5c8029269","passes":2,"fails":0},{"passes":2,"fails":0,"name":"status equals 200","path":"::logout::status equals 200",