{
    "metrics": {
        "iteration_duration": {
            "min": 293.4032,
            "med": 408.7973,
            "max": 3584.1728,
            "p(90)": 1291.5720100000003,
            "p(95)": 2106.9187899999984,
            "p(97)": 2426.4395609999965,
            "avg": 656.4165542553193
        },
        "t08_click_confirm": {
            "med": 51.5,
            "max": 683,
            "p(90)": 443.4000000000001,
            "p(95)": 480.75,
            "p(97)": 493.24999999999994,
            "avg": 101.54444444444445,
            "min": 19,
            "thresholds": {
                "p(95)<1500": false,
                "p(99)<3000": false
            }
        },
        "t04_select_product": {
            "min": 7,
            "med": 28,
            "max": 428,
            "p(90)": 196.80000000000007,
            "p(95)": 212.29999999999998,
            "p(97)": 236.64,
            "avg": 48.833333333333336
        },
        "t09_logout": {
            "min": 384,
            "med": 391.5,
            "max": 399,
            "p(90)": 397.5,
            "p(95)": 398.25,
            "p(97)": 398.55,
            "avg": 391.5
        },
        "http_req_failed": {
            "passes": 639,
            "fails": 187,
            "thresholds": {
                "rate<0.1": true
            },
            "value": 0.7736077481840193
        },
        "http_req_sending": {
            "avg": 0.12452820823244554,
            "min": 0,
            "med": 0,
            "max": 1.9484,
            "p(90)": 0.54375,
            "p(95)": 0.62585,
            "p(97)": 0.700125
        },
        "vus_max": {
            "value": 3,
            "min": 3,
            "max": 3
        },
        "http_reqs": {
            "count": 826,
            "rate": 32.491404853175055
        },
        "http_req_duration{expected_response:true}": {
            "med": 199.4256,
            "max": 599.3674,
            "p(90)": 234.70906000000002,
            "p(95)": 265.03263,
            "p(97)": 417.72807399999976,
            "avg": 215.94243636363643,
            "min": 188.997
        },
        "group_duration": {
            "min": 7.0375,
            "med": 52.87245,
            "max": 771.6359,
            "p(90)": 218.94966,
            "p(95)": 403.77848499999993,
            "p(97)": 438.9126420000002,
            "avg": 105.22673284671534
        },
        "http_req_failed{scenario:buyanimal_1_framework_lifecycle}": {
            "passes": 639,
            "fails": 187,
            "thresholds": {
                "rate<0.05": true
            },
            "value": 0.7736077481840193
        },
        "t01_launch": {
            "max": 719,
            "p(90)": 692.4,
            "p(95)": 705.7,
            "p(97)": 711.02,
            "avg": 509,
            "min": 222,
            "med": 586,
            "thresholds": {
                "p(95)<800": false
            }
        },
        "t02_login": {
            "p(97)": 585.76,
            "avg": 582.3333333333334,
            "min": 579,
            "med": 582,
            "max": 586,
            "p(90)": 585.2,
            "p(95)": 585.6,
            "thresholds": {
                "p(95)<1000": false
            }
        },
        "http_req_tls_handshaking": {
            "p(97)": 0,
            "avg": 0.07750096852300242,
            "min": 0,
            "med": 0,
            "max": 25.0307,
            "p(90)": 0,
            "p(95)": 0
        },
        "http_req_blocked": {
            "avg": 0.21122845036319615,
            "min": 0,
            "med": 0,
            "max": 119.2336,
            "p(90)": 0,
            "p(95)": 0,
            "p(97)": 0
        },
        "data_sent": {
            "count": 124797,
            "rate": 4908.994977556523
        },
        "t03_search_animal": {
            "med": 196,
            "max": 475,
            "p(90)": 214,
            "p(95)": 215.55,
            "p(97)": 223.95,
            "avg": 203.66666666666666,
            "min": 189
        },
        "t06_increase_quantity_to_2_and_proceed_to_checkout": {
            "med": 54.5,
            "max": 429,
            "p(90)": 390.1,
            "p(95)": 400.84999999999997,
            "p(97)": 412.60999999999996,
            "avg": 96.27777777777777,
            "min": 14
        },
        "t07_click_continue": {
            "p(90)": 196.3,
            "p(95)": 207.84999999999997,
            "p(97)": 213.32999999999998,
            "avg": 45.888888888888886,
            "min": 8,
            "med": 27.5,
            "max": 412
        },
        "framework_iterations": {
            "count": 90,
            "rate": 3.5402257103943766
        },
        "http_req_duration": {
            "avg": 69.05527820823227,
            "min": 2.4376,
            "med": 27.7225,
            "max": 599.3674,
            "p(90)": 203.5319,
            "p(95)": 217.01012500000002,
            "p(97)": 236.732675,
            "thresholds": {
                "p(99)<2000": false
            }
        },
        "http_req_connecting": {
            "p(95)": 0,
            "p(97)": 0,
            "avg": 0.02799685230024213,
            "min": 0,
            "med": 0,
            "max": 8.5276,
            "p(90)": 0
        },
        "checks": {
            "passes": 187,
            "fails": 639,
            "value": 0.22639225181598063
        },
        "http_req_receiving": {
            "p(95)": 22.340975,
            "p(97)": 23.9591,
            "avg": 5.584353753026635,
            "min": 0,
            "med": 0.98395,
            "max": 80.4444,
            "p(90)": 20.902
        },
        "http_req_duration{scenario:buyanimal_1_framework_lifecycle}": {
            "min": 2.4376,
            "med": 27.7225,
            "max": 599.3674,
            "p(90)": 203.5319,
            "p(95)": 217.01012500000002,
            "p(97)": 236.732675,
            "avg": 69.05527820823227,
            "thresholds": {
                "p(95)<1500": false
            }
        },
        "t05_add_to_cart": {
            "p(97)": 421.65,
            "avg": 99.34444444444445,
            "min": 15,
            "med": 55.5,
            "max": 771,
            "p(90)": 348.2000000000004,
            "p(95)": 404.65
        },
        "data_received": {
            "count": 6463172,
            "rate": 254234.30761223382
        },
        "vus": {
            "value": 1,
            "min": 0,
            "max": 3
        },
        "http_req_waiting": {
            "max": 591.8577,
            "p(90)": 200.42045,
            "p(95)": 214.687275,
            "p(97)": 234.374025,
            "avg": 63.34639624697335,
            "min": 0.5065,
            "med": 22.939999999999998
        },
        "iterations": {
            "count": 94,
            "rate": 3.6975690753007937
        }
    },
    "root_group": {
        "path": "",
        "id": "d41d8cd98f00b204e9800998ecf8427e",
        "groups": {
            "t01_launch": {
                "path": "::t01_launch",
                "id": "a82ae98f898725552b4853573aeba794",
                "groups": {},
                "checks": {
                        "status equals 200": {
                            "id": "e9fbeabb072d870b2a1f6ebf693273bc",
                            "passes": 3,
                            "fails": 0,
                            "name": "status equals 200",
                            "path": "::t01_launch::status equals 200"
                        }
                    },
                "name": "t01_launch"
            },
            "t02_login": {
                "checks": {
                    "status equals 200": {
                        "name": "status equals 200",
                        "path": "::t02_login::status equals 200",
                        "id": "572a1a7e66e6da006d74905a3749aa7e",
                        "passes": 6,
                        "fails": 0
                    },