{
    "metrics": {
        "http_req_tls_handshaking": {
            "avg": 1.6786270655270654,
            "min": 0,
            "med": 0,
            "max": 274.7659,
            "p(90)": 0,
            "p(95)": 0,
            "p(97)": 0
        },
        "data_received": {
            "count": 2743069,
            "rate": 106165.6748185766
        },
        "t09_logout": {
            "avg": 378.3333333333333,
            "min": 336,
            "med": 352,
            "max": 447,
            "p(90)": 428,
            "p(95)": 437.5,
            "p(97)": 441.3
        },
        "t08_click_confirm_count": {
            "count": 37,
            "rate": 1.4320201089682156
        },
        "data_sent": {
            "count": 57669,
            "rate": 2231.9775044348116
        },
        "http_req_failed{scenario:buyanimal_1_framework_lifecycle}": {
            "passes": 268,
            "fails": 83,
            "thresholds": {
                "rate<0.05": true
            },
            "value": 0.7635327635327636
        },
        "t01_launch_count": {
            "count": 3,
            "rate": 0.11610973856499045
        },
        "http_req_waiting": {
            "p(90)": 235.3809,
            "p(95)": 262.98825,
            "p(97)": 312.90020000000004,
            "avg": 158.2432598290598,
            "min": 94.7987,
            "med": 123.1351,
            "max": 669.4898
        },
        "t02_login_count": {
            "count": 3,
            "rate": 0.11610973856499045
        },
        "checks": {
            "fails": 269,
            "passes": 82,
            "value": 0.2336182336182336
        },
        "t08_click_confirm": {
            "p(90)": 355.4,
            "p(95)": 394.7999999999996,
            "p(97)": 458.88000000000017,
            "avg": 284.7837837837838,
            "min": 216,
            "med": 257,
            "max": 548,
            "thresholds": {
                "p(95)<1500": false,
                "p(99)<3000": false
            }
        },
        "t05_add_to_cart_count": {
            "count": 37,
            "rate": 1.4320201089682156
        },
        "vus": {
            "max": 3,
            "value": 1,
            "min": 0
        },
        "http_req_sending": {
            "p(97)": 0.6842,
            "avg": 0.07035299145299143,
            "min": 0,
            "med": 0,
            "max": 3.1226,
            "p(90)": 0,
            "p(95)": 0.5384
        },
        "iterations": {
            "count": 41,
            "rate": 1.5868330937215362
        },
        "t03_search_animal_count": {
            "count": 37,
            "rate": 1.4320201089682156
        },
        "t09_logout_count": {
            "count": 3,
            "rate": 0.11610973856499045
        },
        "http_req_blocked": {
            "p(97)": 0,
            "avg": 2.8843290598290596,
            "min": 0,
            "med": 0,
            "max": 466.9196,
            "p(90)": 0,
            "p(95)": 0
        },
        "http_req_connecting": {
            "max": 120.9114,
            "p(90)": 0,
            "p(95)": 0,
            "p(97)": 0,
            "avg": 1.0009988603988604,
            "min": 0,
            "med": 0
        },
        "t04_select_product_count": {
            "rate": 1.4320201089682156,
            "count": 37
        },
        "http_req_receiving": {
            "avg": 6.498645014245012,
            "min": 0,
            "med": 4.75,
            "max": 100.3139,
            "p(90)": 13.8832,
            "p(95)": 17.288400000000003,
            "p(97)": 21.122799999999998
        },
        "http_reqs": {
            "count": 351,
            "rate": 13.584839412103882
        },
        "t06_increase_quantity_to_2_and_proceed_to_checkout_count": {
            "count": 37,
            "rate": 1.4320201089682156
        },
        "t03_search_animal": {
            "p(90)": 296.8,
            "p(95)": 322.9999999999999,
            "p(97)": 341.00000000000006,
            "avg": 246.24324324324326,
            "min": 219,
            "med": 228,
            "max": 445
        },
        "iteration_duration": {
            "min": 1000.5646,
            "med": 1376.6695,
            "max": 3970.8645,
            "p(90)": 2003.2659,
            "p(95)": 2777.3905,
            "p(97)": 3615.098259999997,
            "avg": 1539.598751219512
        },
        "t06_increase_quantity_to_2_and_proceed_to_checkout": {
            "min": 225,
            "med": 251,
            "max": 845,
            "p(90)": 422.5999999999998,
            "p(95)": 568.5999999999999,
            "p(97)": 588.76,
            "avg": 305.7567567567568
        },
        "framework_iterations": {
            "count": 37,
            "rate": 1.4320201089682156
        },
        "t07_click_continue": {
            "max": 241,
            "p(90)": 212.79999999999995,
            "p(95)": 235,
            "p(97)": 235,
            "avg": 149.48648648648648,
            "min": 112,
            "med": 131
        },
        "t02_login": {
            "min": 682,
            "med": 713,
            "max": 1017,
            "p(90)": 956.2,
            "p(95)": 986.5999999999999,
            "p(97)": 998.76,
            "avg": 804,
            "thresholds": {
                "p(95)<1000": false
            }
        },
        "http_req_duration{expected_response:true}": {
            "med": 233.6848,
            "max": 549.2289,
            "p(90)": 316.36906,
            "p(95)": 437.38774999999936,
            "p(97)": 469.7341219999999,
            "avg": 256.0822457831326,
            "min": 207.77
        },
        "vus_max": {
            "value": 3,
            "min": 3,
            "max": 3
        },
        "http_req_duration{scenario:buyanimal_1_framework_lifecycle}": {
            "p(95)": 269.02405,
            "p(97)": 315.06100000000004,
            "avg": 164.81225783475801,
            "min": 103.4353,
            "med": 129.1312,
            "max": 676.7816,
            "p(90)": 239.1197,
            "thresholds": {
                "p(95)<1500": false
            }
        },
        "http_req_failed": {
            "passes": 268,
            "fails": 83,
            "thresholds": {
                "rate<0.1": true
            },
            "value": 0.7635327635327636
        },
        "t01_launch": {
            "p(95)": 926.2,
            "p(97)": 932.92,
            "avg": 815.3333333333334,
            "min": 728,
            "med": 775,
            "max": 943,
            "p(90)": 909.4,
            "thresholds": {
                "p(95)<800": true
            }
        },
        "t04_select_product": {
            "p(97)": 258.40000000000003,
            "avg": 147.43243243243242,
            "min": 107,
            "med": 129,
            "max": 278,
            "p(90)": 230.59999999999997,
            "p(95)": 243.99999999999991
        },
        "t05_add_to_cart": {
            "med": 254,
            "max": 809,
            "p(90)": 443.4,
            "p(95)": 466.99999999999983,
            "p(97)": 495.80000000000007,
            "avg": 301.7027027027027,
            "min": 224
        },
        "group_duration": {
            "p(95)": 497.7268,
            "p(97)": 684.4644999999998,
            "avg": 255.8665251082252,
            "min": 106.9231,
            "med": 237.273,
            "max": 1016.6637,
            "p(90)": 367.1916
        },
        "t07_click_continue_count": {
            "count": 37,
            "rate": 1.4320201089682156
        },
        "http_req_duration": {
            "min": 103.4353,
            "med": 129.1312,
            "max": 676.7816,
            "p(90)": 239.1197,
            "p(95)": 269.02405,
            "p(97)": 315.06100000000004,
            "avg": 164.81225783475801,
            "thresholds": {
                "p(99)<2000": false
            }
        }
    },
    "root_group": {
        "name": "",
        "path": "",