{"state":{"testRunDurationMs":90793.2313,"isStdOutTTY":true,"isStdErrTTY":true},"metrics":{"http_req_tls_handshaking":{"type":"trend","contains":"time","values":{"avg":0.043296537187594096,"min":0,"med":0,"max":19.3697,"p(90)":0,"p(99)":0,"p(95)":0}},"logout_count":{"contains":"default","values":{"count":7,"rate":0.07709825831476932},"type":"counter"},"http_req_connecting":{"type":"trend","contains":"time","values":{"max":10.4452,"p(90)":0,"p(99)":0,"p(95)":0,"avg":0.02149849442938874,"min":0,"med":0}},"http_req_failed{scenario:buyanimal_1_framework_lifecycle}":{"type":"rate","contains":"default","values":{"rate":0.01746461909063535,"passes":58,"fails":3263},"thresholds":{"rate<0.05":{"ok":true}}},"add_to_cart":{"type":"trend","contains":"default","values":{"p(95)":504,"avg":413.06611570247935,"min":363,"med":396,"max":794,"p(90)":461.6,"p(99)":734.9}},"click_continue_count":{"contains":"default","values":{"count":363,"rate":3.9980953954658953},"type":"counter"},"http_req_duration{expected_response:true}":{"type":"trend","contains":"time","values":{"avg":219.12722151394522,"min":175.2865,"med":204.8844,"max":785.2916,"p(90)":253.48158,"p(99)":564.1721900000001,"p(95)":294.5546399999999}},"logout":{"values":{"avg":424.57142857142856,"min":384,"med":399,"max":504,"p(90)":500.4,"p(99)":503.64,"p(95)":502.2},"type":"trend","contains":"default"},"t01_launch":{"type":"trend","contains":"default","values":{"med":387,"max":608,"p(90)":589.1,"p(99)":606.11,"p(95)":598.55,"avg":395.2,"min":206},"thresholds":{"p(95)<800":{"ok":true}}},"checks":{"type":"rate","contains":"default","values":{"rate":0.9825353809093647,"passes":3263,"fails":58}},"search_animal_count":{"type":"counter","contains":"default","values":{"count":363,"rate":3.9980953954658953}},"t02_login":{"contains":"default","values":{"p(95)":764.8499999999997,"avg":602.2,"min":549,"med":571.5,"max":903,"p(90)":626.6999999999999,"p(99)":875.3700000000001},"thresholds":{"p(95)<1000":{"ok":true}},"type":"trend"},"search_animal":{"type":"trend","contains":"default","values":{"min":179,"med":198,"max":653,"p(90)":250.40000000000003,"p(99)":578.38,"p(95)":280.79999999999995,"avg":216.45454545454547}},"t01_launch_count":{"type":"counter","contains":"default","values":{"count":10,"rate":0.11014036902109904}},"http_req_duration":{"type":"trend","contains":"time","values":{"avg":219.87512496236155,"min":175.2865,"med":205.2378,"max":785.2916,"p(90)":255.6479,"p(99)":564.4181000000001,"p(95)":297.2648},"thresholds":{"p(99)<2000":{"ok":true}}},"vus_max":{"values":{"value":10,"min":10,"max":10},"type":"gauge","contains":"default"},"data_received":{"contains":"data","values":{"count":15918101,"rate":175322.55182551258},"type":"counter"},"http_req_duration{scenario:buyanimal_1_framework_lifecycle}":{"type":"trend","contains":"time","values":{"avg":219.87512496236155,"min":175.2865,"med":205.2378,"max":785.2916,"p(90)":255.6479,"p(99)":564.4181000000001,"p(95)":297.2648},"thresholds":{"p(95)<1500":{"ok":true}}},"click_continue":{"type":"trend","contains":"default","values":{"p(99)":561.52,"p(95)":276,"avg":216.79338842975207,"min":182,"med":206,"max":615,"p(90)":240}},"vus":{"type":"gauge","contains":"default","values":{"max":10,"value":1,"min":0}},"select_product_count":{"type":"counter","contains":"default","values":{"count":363,"rate":3.9980953954658953}},"framework_iterations":{"type":"counter","contains":"default","values":{"count":363,"rate":3.9980953954658953}},"click_confirm_count":{"type":"counter","contains":"default","values":{"count":363,"rate":3.9980953954658953}},"data_sent":{"type":"counter","contains":"data","values":{"count":471678,"rate":5195.078897913395}},"iteration_duration":{"contains":"time","values":{"min":1000.0762,"med":1908.4105,"max":3658.2178,"p(90)":2327.4427,"p(99)":2999.4717960000003,"p(95)":2545.5173399999994,"avg":1948.9932575835485},"type":"trend"},"http_req_sending":{"values":{"avg":0.12699424872026496,"min":0,"med":0,"max":7.217,"p(90)":0.568,"p(99)":1.062780000000002,"p(95)":0.6775},"type":"trend","contains":"time"},"http_req_blocked":{"type":"trend","contains":"time","values":{"max":37.841,"p(90)":0,"p(99)":0,"p(95)":0,"avg":0.06950505871725383,"min":0,"med":0}},"increase_quantity_to_2_and_proceed_to_checkout_count":{"type":"counter","contains":"default","values":{"count":363,"rate":3.9980953954658953}},"group_duration":{"type":"trend","contains":"time","values":{"avg":331.9862961904765,"min":179.623,"med":369.1431,"max":1454.4308,"p(90)":479.67194000000006,"p(99)":796.274064,"p(95)":552.0900199999998}},"increase_quantity_to_2_and_proceed_to_checkout":{"type":"trend","contains":"default","values":{"med":401,"max":823,"p(90)":454.20000000000005,"p(99)":772.76,"p(95)":505,"avg":418.4297520661157,"min":363}},"add_to_cart_count":{"type":"counter","contains":"default","values":{"count":363,"rate":3.9980953954658953}},"http_req_waiting":{"type":"trend","contains":"time","values":{"p(90)":250.1325,"p(99)":558.6981200000001,"p(95)":293.9451,"avg":216.1328238783502,"min":170.8493,"med":201.3825,"max":785.2916}},"iterations":{"type":"counter","contains":"default","values":{"count":389,"rate":4.2844603549207525}},"http_req_failed":{"thresholds":{"rate<0.1":{"ok":true}},"type":"rate","contains":"default","values":{"rate":0.01746461909063535,"passes":58,"fails":3263}},"http_reqs":{"contains":"default","values":{"count":3321,"rate":36.57761655190699},"type":"counter"},"click_confirm":{"type":"trend","contains":"default","values":{"med":452,"max":1455,"p(90)":596.6,"p(99)":906.28,"p(95)":800.4999999999999,"avg":494.633608815427,"min":396},"thresholds":{"p(95)<1500":{"ok":true},"p(99)<3000":{"ok":true}}},"http_req_receiving":{"type":"trend","contains":"time","values":{"max":84.0357,"p(90)":7.312,"p(99)":32.84538000000001,"p(95)":19.8165,"avg":3.615306835290569,"min":0,"med":1.125}},"select_product":{"type":"trend","contains":"default","values":{"p(99)":561.18,"p(95)":289,"avg":221.46005509641873,"min":182,"med":207,"max":607,"p(90)":256.8}},"t02_login_count":{"type":"counter","contains":"default","values":{"count":10,"rate":0.11014036902109904}}},"root_group":{"path":"","id":"d41d8cd98f00b204e9800998ecf8427e","groups":[{"name":"t01_launch","path":"::t01_launch","id":"a82ae98f898725552b4853573aeba794","groups":[],"checks":[{"fails":0,"name":"status equals 200","path":"::t01_launch::status equals 200","id":"e9fbeabb072d870b2a1f6ebf693273bc","passes":10}]},{"name":"t02_login","path":"::t02_login","id":"9ce03dfe38bfc54c55b3606608908d98","groups":[],"checks":[{"name":"status equals 200","path":"::t02_login::status equals 200","id":"572a1a7e66e6da006d74905a3749aa7e","passes":20,"fails":0},{"name":"status equals 302","path":"::t02_login::status equals 302","id":"a39706f621fc861dc2d818be458495e2","passes":10,"fails":0}]},{"name":"search_animal","path":"::search_animal","id":"cabe02709c4dd9b04d7bd941aa2d60ad","groups":[],"checks":[{"name":"status equals 200","path":"::search_animal::status equals 200","id":"c8854605e6a21e243f32dbfd62f9035a","passes":363,"fails":0}]},{"name":"select product","path":"::select product","id":"99aed3188dced85edcd86eac85ec069a","groups":[],"checks":[{"name":"status equals 200","path":"::select product::status equals 200","id":"88e9abd236f8bcb9f79a47eb7c830421","passes":363,"fails":0}]},{"name":"add to cart","path":"::add to cart","id":"2d37542368a4aab15aeddb289d87bac9","groups":[],"checks":[{"name":"status equals 302","path":"::add to cart::status equals 302","id":"4cb510aa46e43306ee34f6ad3f31cc9f","passes":363,"fails":0},{"name":"status equals 200","path":"::add to cart::status equals 200","id":"635173fcf3662df8ba0eed0319888cce","passes":363,"fails":0}]},{"name":"increase quantity to 2 and proceed to checkout","path":"::increase quantity to 2 and proceed to checkout","id":"7b040ebedb1529cf91f96dc89a3532d2","groups":[],"checks":[{"path":"::increase quantity to 2 and proceed to checkout::status equals 200","id":"77b3ed362a9b3f1e97c82a306ceacbfa","passes":726,"fails":0,