{"options":{"noColor":false,"summaryTrendStats":["avg","min","med","max","p(90)","p(95)"],"summaryTimeUnit":""},"state":{"testRunDurationMs":97687.1566,"isStdOutTTY":true,"isStdErrTTY":true},"metrics":{"http_req_duration":{"values":{"avg":346.5991454302277,"min":4.5853,"med":174.44,"max":35183.0708,"p(90)":224.5514,"p(95)":1180.3253900000002},"thresholds":{"p(95)<2000":{"ok":true}},"type":"trend","contains":"time"},"http_req_waiting":{"type":"trend","contains":"time","values":{"med":173.4939,"max":35182.5577,"p(90)":221.67654,"p(95)":1179.01299,"avg":345.53175523851996,"min":3.8241}},"http_req_receiving":{"type":"trend","contains":"time","values":{"p(90)":2.16442,"p(95)":3.0796,"avg":0.8844229603209984,"min":0,"med":0,"max":87.0944}},"select_product":{"contains":"default","values":{"p(90)":489.6000000000006,"p(95)":3132.6999999999807,"avg":540.0054945054945,"min":170,"med":193,"max":15448},"type":"trend"},"increase_quantity_to_2_and_proceed_to_checkout_count":{"type":"counter","contains":"default","values":{"rate":1.863090362484765,"count":182}},"increase_quantity_to_2_and_proceed_to_checkout":{"contains":"default","values":{"avg":678.2252747252747,"min":339,"med":382,"max":15810,"p(90)":1358.8000000000002,"p(95)":1406.6999999999998},"type":"trend"},"http_reqs":{"type":"counter","contains":"default","values":{"count":2243,"rate":22.961053203589714}},"search_animal_count":{"type":"counter","contains":"default","values":{"count":182,"rate":1.863090362484765}},"t02_login":{"contains":"default","values":{"min":528,"med":3558.5,"max":16004,"p(90)":15844.7,"p(95)":15924.35,"avg":4960.7},"type":"trend"},"logout":{"type":"trend","contains":"default","values":{"med":1370,"max":4446,"p(90)":3830.8,"p(95)":4138.4,"avg":2054.6666666666665,"min":348}},"t02_login_count":{"type":"counter","contains":"default","values":{"rate":0.10236760233432775,"count":10}},"logout_count":{"type":"counter","contains":"default","values":{"count":3,"rate":0.030710280700298326}},"t01_launch":{"type":"trend","contains":"default","values":{"med":2087,"max":35207,"p(90)":10519.099999999991,"p(95)":22863.04999999997,"avg":5808.2,"min":209}},"http_req_tls_handshaking":{"type":"trend","contains":"time","values":{"min":0,"med":0,"max":31.1366,"p(90)":0,"p(95)":0,"avg":0.08389857333927775}},"http_req_sending":{"type":"trend","contains":"time","values":{"max":4.1068,"p(90)":0.5590799999999999,"p(95)":0.7042000000000004,"avg":0.18296723138653576,"min":0,"med":0}},"checks":{"type":"rate","contains":"default","values":{"fails":697,"rate":0.6892554614355774,"passes":1546}},"click_continue":{"type":"trend","contains":"default","values":{"med":180,"max":7248,"p(90)":208.9,"p(95)":236.44999999999987,"avg":259.15384615384613,"min":164}},"http_req_connecting":{"type":"trend","contains":"time","values":{"p(90)":0,"p(95)":0,"avg":0.0359678109674543,"min":0,"med":0,"max":10.6614}},"group_duration":{"contains":"time","values":{"med":343.5071,"max":35207.0752,"p(90)":1192.7121200000001,"p(95)":3211.29303,"avg":698.0987214349776,"min":164.2038},"type":"trend"},"http_req_failed":{"thresholds":{"rate<0.1":{"ok":false}},"type":"rate","contains":"default","values":{"fails":1413,"rate":0.3700401248328132,"passes":830}},"iteration_duration":{"type":"trend","contains":"time","values":{"avg":3909.01596519608,"min":348.4609,"med":1859.43115,"max":40209.158,"p(90)":8872.29918,"p(95)":11667.894829999994}},"click_confirm_count":{"values":{"count":182,"rate":1.863090362484765},"type":"counter","contains":"default"},"select_product_count":{"type":"counter","contains":"default","values":{"count":182,"rate":1.863090362484765}},"http_req_duration{expected_response:true}":{"type":"trend","contains":"time","values":{"p(95)":1205.25986,"avg":508.7187895258322,"min":162.3286,"med":183.8244,"max":35183.0708,"p(90)":385.85589999999996}},"vus_max":{"type":"gauge","contains":"default","values":{"value":10,"min":10,"max":10}},"add_to_cart":{"type":"trend","contains":"default","values":{"max":31817,"p(90)":1376.4,"p(95)":3397.95,"avg":1013.8296703296703,"min":334,"med":383.5}},"vus":{"type":"gauge","contains":"default","values":{"value":1,"min":0,"max":10}},"http_req_blocked":{"type":"trend","contains":"time","values":{"p(90)":0,"p(95)":0,"avg":0.12522817654926438,"min":0,"med":0,"max":41.8845}},"data_received":{"values":{"count":5569110,"rate":57009.6437836128},"type":"counter","contains":"data"},"click_continue_count":{"type":"counter","contains":"default","values":{"rate":1.863090362484765,"count":182}},"t01_launch_count":{"type":"counter","contains":"default","values":{"count":10,"rate":0.10236760233432775}},"data_sent":{"type":"counter","contains":"data","values":{"count":265556,"rate":2718.433100549474}},"search_animal":{"contains":"default","values":{"avg":350.3736263736264,"min":164,"med":181,"max":7351,"p(90)":305.40000000000003,"p(95)":1185},"type":"trend"},"add_to_cart_count":{"type":"counter","contains":"default","values":{"count":182,"rate":1.863090362484765}},"iterations":{"type":"counter","contains":"default","values":{"rate":2.0882990876202863,"count":204}},"click_confirm":{"contains":"default","values":{"max":15607,"p(90)":1354.3,"p(95)":3332.3999999999887,"avg":809.5439560439561,"min":328,"med":369},"type":"trend"}},"root_group":{"groups":[{"path":"::t01_launch","id":"a82ae98f898725552b4853573aeba794","groups":[],"checks":[{"id":"e9fbeabb072d870b2a1f6ebf693273bc","passes":10,"fails":0,"name":"status equals 200","path":"::t01_launch::status equals 200"}],"name":"t01_launch"},{"checks":[{"name":"status equals 503","path":"::t02_login::status equals 503","id":"718d383d763353e5e435e15f22a4b7bb","passes":10,"fails":0},{"id":"572a1a7e66e6da006d74905a3749aa7e","passes":20,"fails":0,"name":"status equals 200","path":"::t02_login::status equals 200"},{"passes":10,"fails":0,"name":"status equals 302","path":"::t02_login::status equals 302","id":"a39706f621fc861dc2d818be458495e2"}],"name":"t02_login","path":"::t02_login","id":"9ce03dfe38bfc54c55b3606608908d98","groups":[]},{"name":"search_animal","path":"::search_animal","id":"cabe02709c4dd9b04d7bd941aa2d60ad","groups":[],"checks":[{"name":"status equals 200","path":"::search_animal::status equals 200","id":"c8854605e6a21e243f32dbfd62f9035a","passes":153,"fails":29}]},{"name":"select product","path":"::select product","id":"99aed3188dced85edcd86eac85ec069a","groups":[],"checks":[{"name":"status equals 503","path":"::select product::status equals 503","id":"3b04246dc68b6b79df759df4ee908711","passes":182,"fails":0},{"name":"status equals 200","path":"::select product::status equals 200","id":"88e9abd236f8bcb9f79a47eb7c830421","passes":153,"fails":29}]},{"checks":[{"id":"89500562b861c08c72d77a2fbfd77a91","passes":182,"fails":0,"name":"status equals 503","path":"::add to cart::status equals 503"},{"path":"::add to cart::status equals 302","id":"4cb510aa46e43306ee34f6ad3f31cc9f","passes":152,"fails":30,"name":"status equals 302"},{"id":"635173fcf3662df8ba0eed0319888cce","passes":150,"fails":32,"name":"status equals 200","path":"::add to cart::status equals 200"}],"name":"add to cart","path":"::add to cart","id":"2d37542368a4aab15aeddb289d87bac9","groups":[]},{"checks":[{"fails":204,"name":"status equals 200","path":"::increase quantity to 2 and proceed to checkout::status equals 200","id":"77b3ed362a9b3f1e97c82a306ceacbfa","passes":160},{"name":"status equals 503","path":"::increase quantity to 2 and proceed to checkout::status equals 503","id":"4ce040c7f3225975e6952bb2f5e83ef1","passes":182,"fails":0}],"name":"increase quantity to 2 and proceed to checkout","path":"::increase quantity to 2 and proceed to checkout","id":"7b040ebedb1529cf91f96dc89a3532d2","groups":[]},{"groups":[],"checks":[{"passes":10,"fails":172,"name":"status equals 200","path":"::click continue::status equals 200","id":"693f1783eccb20ce4396fdb1b0618f8d"}],"name":"click continue","path":"::click continue","id":"76731e14e793c171b0ba6fac15947d3c"},{"name":"click confirm","path":"::click confirm",