{
    "metrics": {
        "add_to_cart": {
            "p(90)": 1376.4,
            "p(95)": 3397.95,
            "avg": 1013.8296703296703,
            "min": 334,
            "med": 383.5,
            "max": 31817
        },
        "vus": {
            "value": 1,
            "min": 0,
            "max": 10
        },
        "http_req_blocked": {
            "p(95)": 0,
            "avg": 0.12522817654926438,
            "min": 0,
            "med": 0,
            "max": 41.8845,
            "p(90)": 0
        },
        "data_received": {
            "count": 5569110,
            "rate": 57009.6437836128
        },
        "click_continue_count": {
            "count": 182,
            "rate": 1.863090362484765
        },
        "t01_launch_count": {
            "rate": 0.10236760233432775,
            "count": 10
        },
        "data_sent": {
            "count": 265556,
            "rate": 2718.433100549474
        },
        "search_animal": {
            "avg": 350.3736263736264,
            "min": 164,
            "med": 181,
            "max": 7351,
            "p(90)": 305.40000000000003,
            "p(95)": 1185
        },
        "add_to_cart_count": {
            "count": 182,
            "rate": 1.863090362484765
        },
        "iterations": {
            "count": 204,
            "rate": 2.0882990876202863
        },
        "click_confirm": {
            "avg": 809.5439560439561,
            "min": 328,
            "med": 369,
            "max": 15607,
            "p(90)": 1354.3,
            "p(95)": 3332.3999999999887
        },
        "http_req_duration": {
            "p(90)": 224.5514,
            "p(95)": 1180.3253900000002,
            "avg": 346.5991454302277,
            "min": 4.5853,
            "med": 174.44,
            "max": 35183.0708,
            "thresholds": {
                "p(95)<2000": false
            }
        },
        "http_req_waiting": {
            "med": 173.4939,
            "max": 35182.5577,
            "p(90)": 221.67654,
            "p(95)": 1179.01299,
            "avg": 345.53175523851996,
            "min": 3.8241
        },
        "http_req_receiving": {
            "min": 0,
            "med": 0,
            "max": 87.0944,
            "p(90)": 2.16442,
            "p(95)": 3.0796,
            "avg": 0.8844229603209984
        },
        "select_product": {
            "avg": 540.0054945054945,
            "min": 170,
            "med": 193,
            "max": 15448,
            "p(90)": 489.6000000000006,
            "p(95)": 3132.6999999999807
        },
        "increase_quantity_to_2_and_proceed_to_checkout_count": {
            "count": 182,
            "rate": 1.863090362484765
        },
        "increase_quantity_to_2_and_proceed_to_checkout": {
            "avg": 678.2252747252747,
            "min": 339,
            "med": 382,
            "max": 15810,
            "p(90)": 1358.8000000000002,
            "p(95)": 1406.6999999999998
        },
        "http_reqs": {
            "count": 2243,
            "rate": 22.961053203589714
        },
        "search_animal_count": {
            "count": 182,
            "rate": 1.863090362484765
        },
        "t02_login": {
            "p(90)": 15844.7,
            "p(95)": 15924.35,
            "avg": 4960.7,
            "min": 528,
            "med": 3558.5,
            "max": 16004
        },
        "logout": {
            "avg": 2054.6666666666665,
            "min": 348,
            "med": 1370,
            "max": 4446,
            "p(90)": 3830.8,
            "p(95)": 4138.4
        },
        "t02_login_count": {
            "count": 10,
            "rate": 0.10236760233432775
        },
        "logout_count": {
            "count": 3,
            "rate": 0.030710280700298326
        },
        "t01_launch": {
            "min": 209,
            "med": 2087,
            "max": 35207,
            "p(90)": 10519.099999999991,
            "p(95)": 22863.04999999997,
            "avg": 5808.2
        },
        "http_req_tls_handshaking": {
            "avg": 0.08389857333927775,
            "min": 0,
            "med": 0,
            "max": 31.1366,
            "p(90)": 0,
            "p(95)": 0
        },
        "http_req_sending": {
            "avg": 0.18296723138653576,
            "min": 0,
            "med": 0,
            "max": 4.1068,
            "p(90)": 0.5590799999999999,
            "p(95)": 0.7042000000000004
        },
        "checks": {
            "passes": 1546,
            "fails": 697,
            "value": 0.6892554614355774
        },
        "click_continue": {
            "med": 180,
            "max": 7248,
            "p(90)": 208.9,
            "p(95)": 236.44999999999987,
            "avg": 259.15384615384613,
            "min": 164
        },
        "http_req_connecting": {
            "avg": 0.0359678109674543,
            "min": 0,
            "med": 0,
            "max": 10.6614,
            "p(90)": 0,
            "p(95)": 0
        },
        "group_duration": {
            "p(95)": 3211.29303,
            "avg": 698.0987214349776,
            "min": 164.2038,
            "med": 343.5071,
            "max": 35207.0752,
            "p(90)": 1192.7121200000001
        },
        "http_req_failed": {
            "passes": 830,
            "fails": 1413,
            "thresholds": {
                "rate<0.1": true
            },
            "value": 0.3700401248328132
        },
        "iteration_duration": {
            "avg": 3909.01596519608,
            "min": 348.4609,
            "med": 1859.43115,
            "max": 40209.158,
            "p(90)": 8872.29918,
            "p(95)": 11667.894829999994
        },
        "click_confirm_count": {
            "count": 182,
            "rate": 1.863090362484765
        },
        "select_product_count": {
            "count": 182,
            "rate": 1.863090362484765
        },
        "http_req_duration{expected_response:true}": {
            "p(95)": 1205.25986,
            "avg": 508.7187895258322,
            "min": 162.3286,
            "med": 183.8244,
            "max": 35183.0708,
            "p(90)": 385.85589999999996
        },
        "vus_max": {
            "value": 10,
            "min": 10,
            "max": 10
        }
    },
    "root_group": {
        "name": "",
        "path": "",
        "id": "d41d8cd98f00b204e9800998ecf8427e",
        "groups": {
            "t01_launch": {
                "name": "t01_launch",
                "path": "::t01_launch",
                "id": "a82ae98f898725552b4853573aeba794",
                "groups": {},
                "checks": {
                        "status equals 200": {
                            "name": "status equals 200",
                            "path": "::t01_launch::status equals 200",
                            "id": "e9fbeabb072d870b2a1f6ebf693273bc",
                            "passes": 10,
                            "fails": 0
                        }
                    }
            },
            "t02_login": {
                "name": "t02_login",
                "path": "::t02_login",
                "id": "9ce03dfe38bfc54c55b3606608908d98",
                "groups": {},
                "checks": {
                        "status equals 503": {
                            "id": "718d383d763353e5e435e15f22a4b7bb",
                            "passes": 10,
                            "fails": 0,
                            "name": "status equals 503",
                            "path": "::t02_login::status equals 503"
                        },
                        "status equals 200": {
                            "fails": 0,
                            "name": "status equals 200",
                            "path": "::t02_login::status equals 200",
                            "id": "572a1a7e66e6da006d74905a3749aa7e",
                            "passes": 20
                        },